,Unnamed: 0,Pick,Player,Team,Draft Trades,Pos,HT,WT,Age,YOS,Pre-Draft Team,Class,Nationality,draft_year,Unnamed: 14,points,rebounds,assists,steals,blocks
0,0,30,Marko Jaric,LAC,,GF,6-7,224,21,8,Fortituto Kontatto Bologna (Italy),1978 DOB,Serbia / Greece,2000,,,,,,
1,1,31,Dan Langhi,DAL,DAL to HOU,FC,6-11,220,22,4,Vanderbilt,Sr,United States,2000,,12.4,4.6,0.7,0.5,0.2
2,2,32,AJ Guyton,CHI,,PG,6-1,180,22,4,Indiana,Sr,United States,2000,,16.4,3.4,3.1,1.0,0.4
3,3,33,Jake Voskuhl,CHI,,C,6-11,245,22,9,Connecticut,Sr,United States,2000,,6.3,6.4,0.9,0.6,1.4
4,4,34,Khalid El-Amin,CHI,,G,5-10,200,21,3,Connecticut,Jr *,United States,2000,,15.3,3.0,4.4,1.7,0.1
5,5,35,Mike Smith,WAS,,F,6-8,195,24,3,Louisiana-Monroe,Sr,United States,2000,,19.3,8.2,2.7,1.6,0.8
6,6,36,Soumaila Samake,NJN,,C,7-0,230,22,4,Cincinnati Stuff (United States),1978 DOB,Mali,2000,,,,,,
7,7,37,Eddie House,MIA,,G,6-1,190,22,11,Arizona State,Sr,United States,2000,,16.5,4.0,3.3,2.1,0.2
8,8,38,Eduardo Najera,HOU,HOU to DAL,F,6-8,235,23,12,Oklahoma,Sr,Mexico,2000,,13.1,7.2,1.7,1.5,0.7
9,9,39,Lavor Postell,NYK,,SF,6-5,215,22,4,St. John's,Sr,United States,2000,,11.1,5.6,1.6,1.0,0.4
10,10,40,Hanno Mottola,ATL,,FC,6-10,247,23,2,Utah,Sr,Finland,2000,,12.4,4.6,1.2,0.3,0.4
11,11,41,Chris Carrawell,SAN,,F,6-6,215,22,1,Duke,Sr,United States,2000,,10.7,4.5,2.3,0.8,0.8
12,12,42,Olumide Oyedeji,SEA,,C,6-11,240,19,3,DJK Wurzburg (Germany),1981 DOB *,Nigeria,2000,,,,,,
13,13,43,Michael Redd,MIL,,G,6-6,220,20,12,Ohio State,Jr *,United States,2000,,19.6,6.2,2.5,1.6,0.1
14,14,44,Brian Cardinal,DET,,PF,6-8,245,23,12,Purdue,Sr,United States,2000,,12.0,5.7,2.1,2.0,0.3
15,15,45,Jabari Smith,SAC,,C,6-11,250,23,5,LSU,Sr,United States,2000,,12.6,8.2,2.1,0.9,1.1
16,16,46,DeeAndre Hulett,TOR,,F,6-8,215,19,0,Las Vegas Silver Bandits (United States),1980 DOB,United States,2000,,,,,,
17,17,47,Josip Sesar,SEA,SEA to BOS,G-F,6-6,202,22,0,KK Cibona (Croatia),1978 DOB,Croatia,2000,,,,,,
18,18,48,Mark Karcher,PHL,,F,6-5,215,21,1,Temple,Jr *,United States,2000,,14.5,5.2,2.2,1.6,0.1
19,19,49,Jason Hart,MIL,,G,6-3,180,22,9,Syracuse,Sr,United States,2000,,11.4,3.3,5.4,2.5,0.1
20,20,50,Kaniel Dickens,UTH,,F,6-8,215,21,5,Idaho,Jr *,United States,2000,,9.3,5.7,0.6,0.9,0.7
21,21,51,Igor Rakocevic,MIN,,G,6-3,183,22,1,KK Crvena Zvezda (Serbia),1978 DOB,Serbia,2000,,,,,,
22,22,52,Ernest Brown,MIA,,C,7-0,244,21,4,Indian Hills,So *,United States,2000,,1.4,0.4,0.6,0.2,0.0
23,23,53,Dan McClintock,DEN,,C,7-0,270,23,1,Northern Arizona,Sr,United States,2000,,11.9,4.2,0.7,0.3,1.7
24,24,54,Cory Hightower,SAN,SAN to LAL,G-F,6-8,200,20,2,Indian Hills,So *,United States,2000,,11.8,6.2,2.2,0.9,0.4
25,25,55,Chris Porter,GOS,,F,6-7,215,22,2,Auburn,Sr,United States,2000,,15.3,8.0,1.1,2.1,0.4
26,26,56,Jaquay Walls,IND,,G,6-3,170,22,1,Colorado,Sr,United States,2000,,14.3,3.2,4.2,1.5,0.2
27,27,57,Scoonie Penn,ATL,,G,5-11,180,23,1,Ohio State,Sr,United States,2000,,14.9,3.7,3.9,1.8,0.1
28,28,58,Pete Mickeal,DAL,DAL to NYK,SF,6-6,225,22,2,Cincinnati,Sr,United States,2000,,14.2,6.8,1.8,1.5,0.4
29,29,29,Trenton Hassell,CHI,,F,6-5,227,22,9,Austin Peay,Jr *,,2001,,19.4,8.2,4.5,1.1,0.7
30,30,30,Gilbert Arenas,GOS,,G,6-3,191,19,11,Arizona,So *,,2001,,15.8,3.8,2.2,1.9,0.2
31,31,31,Omar Cook,ORL,ORL to DEN,PG,6-2,190,19,4,St. John's,Fr *,,2001,,15.3,3.0,8.7,2.3,0.2
32,32,32,Will Solomon,VAN,,G,6-1,181,22,2,Clemson,Jr *,,2001,,15.2,2.8,2.6,1.2,0.4
33,33,33,Terence Morris,ATL,ATL to HOU,F,6-9,221,22,4,Maryland,Sr,,2001,,12.7,6.8,1.7,1.2,1.9
34,34,34,Brian Scalabrine,NJN,,PF,6-9,241,23,11,USC,Sr,,2001,,15.7,6.1,2.7,1.0,0.9
35,35,35,Jeff Trepagnier,CLE,,G,6-4,200,21,3,USC,Sr,,2001,,10.6,5.2,1.4,1.9,1.0
36,36,36,Damone Brown,PHL,,F,6-9,200,21,4,Syracuse,Sr,,2001,,10.9,6.0,1.1,1.0,0.8
37,37,37,Mehmet Okur,DET,,FC,6-11,249,22,10,Anadolu Efes (Turkey),1979 DOB,,2001,,,,,,
38,38,38,Ali Karadeniz,NYK,,F,6-7,238,21,1,Arizona,Jr *,,2001,,,,,,
39,39,39,Earl Watson,SEA,,PG,6-1,199,22,13,UCLA,Sr,,2001,,11.2,3.8,4.7,1.8,0.4
40,40,40,Jamison Brewer,IND,,PG,6-4,180,20,4,Auburn,So *,,2001,,5.7,4.7,4.1,1.1,0.1
41,41,41,Bobby Simmons,SEA,SEA to WAS,F,6-6,235,21,11,DePaul,Jr *,,2001,,13.6,7.5,2.2,1.3,0.2
42,42,42,Eric Chenowith,NYK,,C,7-1,270,22,3,Kansas,Sr,,2001,,9.2,6.7,0.9,0.5,1.7
43,43,43,Kyle Hill,DAL,DAL to HOU,G,6-2,185,22,0,Eastern Illinois,Sr,,2001,,18.6,4.3,3.2,1.7,0.5
44,44,44,Sean Lampley,CHI,CHI to MIA,F-G,6-6,213,21,3,California,Sr,,2001,,14.4,7.2,2.4,0.7,0.6
45,45,45,Loren Woods,MIN,,C,7-1,245,23,6,Arizona,Sr,,2001,,11.1,6.5,1.3,0.5,2.6
46,46,46,Ousmane Cisse,DEN,,FC,6-8,225,18,2,St. Jude High School (Alabama),1982 DOB *,,2001,,6.3,6.6,1.0,0.6,0.5
47,47,47,Antonis Fotsis,VAN,,PF,6-8,248,20,1,AX Armani Exchange Milan (Italy),1981 DOB *,,2001,,,,,,
48,48,48,Ken Johnson,MIA,,C,6-11,240,23,2,Ohio State,Sr,,2001,,6.26,0.3,1.9,1.9,2.8
49,49,49,Ruben Boumtje-Boumtje,POR,,C,7-0,260,23,4,Georgetown,Sr,,2001,,9.6,7.0,0.9,0.8,2.5
50,50,50,Alton Ford,PHX,,PF,6-9,275,20,4,Houston,Fr *,,2001,,10.8,5.9,0.7,0.2,0.7
51,51,51,Andre Hutson,MIL,,F,6-8,240,22,1,Michigan State,Sr,,2001,,10.1,6.1,1.2,0.8,0.5
52,52,52,Jarron Collins,UTH,,C,6-11,248,22,10,Stanford,Sr,,2001,,8.4,5.5,1.1,0.6,0.4
53,53,53,Kenny Satterfield,DAL,DAL to DEN,PG,6-2,186,20,3,Cincinnati,So *,,2001,,11.9,4.1,5.2,1.4,0.1
54,54,54,Maurice Jeffers,SAC,,SG,6-4,200,22,1,Saint Louis,Sr,,2001,,11.2,5.2,2.0,0.9,0.4
55,55,55,Robertas Javtokas,SAN,,PF,6-11,247,21,0,Lietuvos Rytas (Lithuania),1980 DOB *,,2001,,0.8,1.3,0.0,0.1,0.5
56,56,56,Alvin Jones,PHL,,PF,6-11,265,22,2,Georgia Tech,Sr,,2001,,10.6,8.7,1.4,0.7,3.4
57,57,57,Bryan Bracey,SAN,,F,6-7,210,22,1,Oregon,Sr,,2001,,13.2,5.3,0.7,0.8,0.3
58,58,29,Steve Logan,GOS,GOS to DAL,G,5-10,195,22,0,Cincinnati,Sr,United States,2002,,14.7,2.2,3.4,0.7,0.0
59,59,30,Roger Mason,CHI,,SG,6-5,205,21,11,Virginia,Jr *,United States,2002,,13.8,3.0,2.6,1.0,0.4
60,60,31,Robert Archibald,MEM,,PF,6-11,250,22,2,Illinois,Sr,Scotland,2002,,6.2,4.1,0.8,0.5,0.6
61,61,32,Vincent Yarbrough,DEN,,F,6-7,210,21,2,Tennessee,Sr,United States,2002,,13.7,6.8,2.3,1.7,1.0
62,62,33,Dan Gadzuric,MIL,,FC,6-11,240,24,10,UCLA,Sr,Netherlands / United States,2002,,10.5,6.6,0.6,0.7,1.5
63,63,34,Carlos Boozer,CLE,,PF,6-9,266,20,13,Duke,Jr *,Germany / United States,2002,,14.9,7.2,1.1,1.0,0.7
64,64,35,Milos Vujanic,NYK,NYK to PHX,G,6-4,195,21,0,KK Partizan (Serbia),1980 DOB,Serbia,2002,,,,,,
65,65,36,David Andersen,ATL,ATL to HOU,F,7-0,242,22,2,Virtus Bologna (Italy),1980 DOB,Australia,2002,,,,,,
66,66,37,Tito Maddox,HOU,,G,6-4,190,21,2,Fresno State,Jr *,United States,2002,,13.5,5.8,8.0,1.6,0.2
67,67,38,Rod Grizzard,WAS,,G,6-8,200,22,2,Alabama,Jr *,United States,2002,,14.9,5.8,1.7,1.1,1.0
68,68,39,Juan Carlos Navarro,WAS,WAS to MEM,SG,6-4,170,22,1,Barca (Spain),1980 DOB,Spain,2002,,,,,,
69,69,40,Mario Kasun,LAC,LAC to ORL,C,6-10,260,22,2,Koln 99ers (Germany),1980 DOB,Croatia,2002,,,,,,
70,70,41,Flip Murray,MIL,,SG,6-3,200,22,8,Shaw,Sr,United States,2002,,,,,,
71,71,42,Jason Jennings,POR,,C,7-0,250,23,1,Arkansas State,Sr,United States,2002,,9.3,4.7,0.6,0.3,2.2
72,72,43,Lonny Baxter,CHI,,PF,6-8,260,23,4,Maryland,Sr,United States,2002,,13.5,7.2,0.7,0.9,1.6
73,73,44,Sam Clancy,PHL,,F,6-7,240,22,2,USC,Sr,United States,2002,,14.7,7.4,1.2,1.2,1.7
74,74,45,Matt Barnes,MEM,MEM to CLE,GF,6-7,226,22,15,UCLA,Sr,United States,2002,,8.8,4.8,2.0,1.0,0.4
75,75,46,Jamal Sampson,UTH,"UTH to ORL
ORL to MIL",FC,6-11,235,19,5,California,Fr *,United States,2002,,6.4,6.5,1.2,0.5,1.7
76,76,47,Chris Owens,MIL,MIL to MEM,SF,6-7,245,23,1,Texas,Sr,United States,2002,,10.8,6.4,0.8,1.0,1.8
77,77,48,Peter Fehse,SEA,OKC to UTH,F,7-0,205,19,0,SV Halle (Germany),1983 DOB *,Germany,2002,,,,,,
78,78,49,Darius Songaila,BOS,BOS to SAC,PF,6-8,248,24,8,Wake Forest,Sr,Lithuania,2002,,14.3,6.3,1.8,1.1,0.7
79,79,50,Federico Kammerichs,POR,,FC,6-9,225,22,0,CB Ourense (Spain),1980 DOB,Argentina / Germany,2002,,,,,,
80,80,51,Marcus Taylor,MIN,,G,6-3,195,20,1,Michigan State,So *,United States,2002,,12.1,2.1,4.4,0.7,0.1
81,81,52,Rasual Butler,MIA,,GF,6-7,215,23,13,La Salle,Sr,United States,2002,,19.3,5.9,1.6,1.0,1.1
82,82,53,Tamar Slay,NJN,,GF,6-8,215,22,3,Marshall,Sr,United States,2002,,15.7,4.4,2.2,1.2,0.5
83,83,54,Mladen Sekularac,DAL,DAL to GOS,G-F,6-8,205,21,0,KK FMP (Serbia),1981 DOB *,Montenegro,2002,,,,,,
84,84,55,Luis Scola,SAN,SAN to HOU,PF,6-9,241,22,10,Baskonia (Spain),1980 DOB,Argentina,2002,,,,,,
85,85,56,Raed Farid Elhamali,SAN,"SAN to PHL
PHL to ATL",F,6-9,225,22,3,San Diego State,Sr,United States / Libya,2002,,,,,,
86,86,57,Corsley Edwards,SAC,,PF,6-9,275,23,2,Central Connecticut State,Sr,United States,2002,,14.1,7.9,0.8,0.9,1.6
87,87,30,Maciej Lampe,NYK,,FC,6-11,275,18,3,Complutense University (Spain),1985 DOB *,Poland,2003,,,,,,
88,88,31,Jason Kapono,CLE,,SF,6-8,213,22,9,UCLA,Sr,United States,2003,,16.5,5.1,2.1,0.9,0.1
89,89,32,Luke Walton,LAL,,F,6-8,235,23,10,Arizona,Sr,United States,2003,,9.1,5.1,4.5,1.2,0.4
90,90,33,Jerome Beasley,MIA,,PF,6-10,237,23,2,North Dakota,Sr,United States,2003,,,,,,
91,91,34,Sofoklis Schortsanitis,LAC,"LAC to ATL
ATL to OKC",FC,6-8,375,18,0,Maccabi FOX Tel Aviv (Israel),1985 DOB *,Cameroon / Greece,2003,,,,,,
92,92,35,Szymon Szewczyk,MIL,MIL to OKC,F,6-9,245,20,0,Basketball Lowen Braunschweig (Germany),1982 DOB *,Poland,2003,,,,,,
93,93,36,Mario Austin,CHI,CHI to UTH,F,6-10,260,21,0,Mississippi State,Jr *,United States,2003,,13.2,6.3,1.1,0.7,0.6
94,94,37,Travis Hansen,ATL,,G-F,6-6,205,25,1,Brigham Young,Sr,United States,2003,,13.2,4.8,1.7,0.7,0.4
95,95,38,Steve Blake,WAS,,G,6-3,172,23,13,Maryland,Sr,United States,2003,,8.3,3.4,7.0,1.7,0.3
96,96,39,Slavko Vranes,NYK,,C,7-6,282,20,1,Buducnost (Montenegro),1983 DOB *,Serbia / Montenegro,2003,,,,,,
97,97,40,Derrick Zimmerman,GOS,,G,6-3,195,21,3,Mississippi State,Sr,United States,2003,,6.9,3.3,4.0,1.6,0.7
98,98,41,Willie Green,SEA,SEA to PHL,SG,6-3,201,21,12,Detroit-Mercy,Sr,United States,2003,,14.3,4.2,2.2,0.9,0.3
99,99,42,Zaza Pachulia,ORL,,C,6-11,270,19,16,Alpella B.K. (Turkey),1984 DOB *,Georgia,2003,,,,,,
100,100,43,Keith Bogans,MIL,MIL to ORL,GF,6-5,215,23,11,Kentucky,Sr,United States,2003,,14.2,4.1,2.3,1.1,0.1
101,101,44,Malick Badiane,HOU,HOU to MEM,FC,6-11,230,19,0,TV 1862 Langen (Germany),1984 DOB *,Senegal,2003,,,,,,
102,102,45,Matt Bonner,CHI,CHI to TOR,FC,6-10,235,23,12,Florida,Sr,United States,2003,,12.0,5.9,1.2,0.7,0.5
103,103,46,Sani Becirovic,DEN,,SG,6-4,196,22,0,Virtus Bologna (Italy),1981 DOB,Slovenia,2003,,,,,,
104,104,47,Mo Williams,UTH,,G,6-1,198,20,14,Alabama,So *,United States,2003,,13.1,3.9,4.2,1.5,0.1
105,105,48,James Lang,NOP,,C,6-10,285,19,4,Central Park Christian High School (Alabama),1983 DOB *,United States,2003,,,,,,
106,106,49,James Jones,IND,,SF,6-8,218,22,14,Miami (FL),Sr,United States,2003,,11.1,5.0,1.2,1.1,1.6
107,107,50,Paccelis Morlende,PHL,PHL to SEA,G,6-3,185,22,0,JDA Dijon Basket (France),1981 DOB,France,2003,,,,,,
108,108,51,Kyle Korver,NJN,NJN to PHL,SF,6-7,212,22,17,Creighton,Sr,United States,2003,,14.1,5.2,2.3,1.3,0.5
109,109,52,Remon Van de Hare,TOR,TOR to ORL,C,7-2,220,21,0,Barca (Spain),1982 DOB *,Netherlands,2003,,,,,,
110,110,53,Tommy Smith,CHI,,F,6-10,215,22,1,Arizona State,Sr,United States,2003,,9.2,4.8,1.7,1.0,1.4
111,111,54,Nedzad Sinanovic,POR,,C,7-2,250,20,0,HKK Brotnjo (Bosnia and Herzegovina),1983 DOB *,Bosnia and Herzegovina,2003,,,,,,
112,112,55,Rick Rickert,MIN,,PF,6-11,215,20,1,Minnesota,So *,United States,2003,,14.9,5.7,1.3,0.7,1.0
113,113,56,Brandon Hunter,BOS,,C,6-7,260,22,2,Ohio,Sr,United States,2003,,16.9,9.3,2.1,0.8,0.7
114,114,57,Yuyang Xue,DAL,DAL to DEN,FC,7-0,265,20,0,Hong Kong Flying Dragons (China),1982 DOB *,China,2003,,,,,,
115,115,58,Andreas Glyniadakis,DET,,C,7-0,245,21,1,Olympiacos (Greece),1981 DOB,Greece,2003,,,,,,
116,116,30,Anderson Varejao,ORL,ORL to CLE,C,6-10,273,21,14,Barca (Spain),1982 DOB,Brazil,2004,,,,,,
117,117,31,Jackson Vroman,CHI,CHI to PHX,FC,6-10,220,23,2,Iowa State,Sr,United States / Lebanon,2004,,13.2,9.5,2.1,1.2,1.1
118,118,32,Peter John Ramos,WAS,,C,7-3,276,19,2,Criollos de Caguas (United States),1985 DOB *,Puerto Rico / United States,2004,,,,,,
119,119,33,Lionel Chalmers,LAC,,G,6-0,180,23,1,Xavier,Sr,United States,2004,,12.7,2.9,3.3,1.3,0.1
120,120,34,Donta Smith,ATL,,GF,6-7,215,20,2,Southeastern Illinois,So *,United States / Venezuela,2004,,,,,,
121,121,35,Andre Emmett,SEA,SEA to MEM,GF,6-5,224,21,2,Texas Tech,Sr,United States,2004,,17.6,6.0,1.6,1.3,0.3
122,122,36,Antonio Burks,ORL,ORL to MEM,G,6-1,200,24,2,Memphis,Sr,United States,2004,,11.3,2.6,5.4,1.9,0.2
123,123,37,Royal Ivey,ATL,,G,6-4,215,22,10,Texas,Sr,United States,2004,,7.8,3.1,2.3,0.9,0.2
124,124,38,Chris Duhon,CHI,,G,6-1,190,21,9,Duke,Sr,United States,2004,,8.8,3.4,5.7,2.1,0.1
125,125,39,Albert Miralles,TOR,"TOR to MIA
MIA to BOS
BOS to MIL
MIL to CLE
CLE to CHI",FC,6-10,238,22,0,Roseto Sharks (Italy),1982 DOB,Spain,2004,,,,,,
126,126,40,Justin Reed,BOS,,F,6-8,240,22,3,Ole Miss,Sr,United States,2004,,14.6,6.3,1.1,1.0,0.7
127,127,41,David Young,SEA,,G,6-5,205,22,1,North Carolina Central,Sr,United States,2004,,7.7,2.1,3.4,1.2,0.4
128,128,42,Viktor Sanikidze,ATL,ATL to SAN,F,6-7,194,18,0,JDA Dijon Basket (France),1986 DOB *,Georgia,2004,,,,,,
129,129,43,Trevor Ariza,NYK,,SF,6-8,215,18,17,UCLA,Fr *,United States,2004,,11.6,6.5,2.1,1.7,0.4
130,130,44,Tim Pickett,NOP,,G,6-4,207,23,1,Florida State,Sr,United States,2004,,16.7,5.1,2.1,2.6,0.4
131,131,45,Bernard Robinson,CHA,,GF,6-6,210,23,3,Michigan,Sr,United States,2004,,12.5,5.3,3.0,1.4,0.4
132,132,46,Ha Seung-Jin,POR,,C,7-3,305,18,2,Yonsei University (South Korea),1985 DOB *,South Korea,2004,,,,,,
133,133,47,Pape Sow,MIA,MIA to TOR,FC,6-10,224,22,3,Cal State Fullerton,Sr,Senegal,2004,,15.8,9.1,0.8,1.4,0.8
134,134,48,Ricky Minard,SAC,,G,6-4,200,21,1,Morehead State,Sr,United States,2004,,20.9,6.4,3.7,2.1,0.6
135,135,49,Sergei Lishouk,MEM,"MEM to HOU
HOU to LAL
LAL to HOU
HOU to PHL
PHL to LAC
LAC to HOU",FC,6-11,250,22,0,Khimik Yuzhny (Ukraine),1982 DOB,Ukraine,2004,,,,,,
136,136,50,Vassilis Spanoulis,DAL,DAL to HOU,SG,6-4,210,21,1,Maroussi BC (Greece),1982 DOB,Greece,2004,,,,,,
137,137,51,Christian Drejer,NJN,,F,6-9,225,21,0,Barca (Spain),1982 DOB,Denmark,2004,,7.1,3.3,3.2,0.7,0.2
138,138,52,Romain Sato,SAN,,GF,6-5,205,23,1,Xavier,Sr,Central African Republic,2004,,15.4,6.9,2.0,1.0,0.3
139,139,53,Matt Freije,MIA,,FC,6-10,240,22,2,Vanderbilt,Sr,United States / Lebanon,2004,,15.6,4.9,0.9,0.7,0.6
140,140,54,Ricky Paulding,DET,,SF,6-5,218,21,0,Missouri,Sr,United States,2004,,,,,,
141,141,55,Luis Flores,HOU,"HOU to DAL
DAL to GOS",G,6-2,205,23,1,Manhattan,Sr,Dominican Republic,2004,,18.2,3.7,1.9,1.5,0.2
142,142,56,Marcus Douthit,LAL,,FC,6-11,234,24,0,Providence,Sr,United States / Philippines,2004,,5.9,4.6,1.5,0.9,2.4
143,143,57,Sergei Karaulov,SAN,,C,6-10,254,22,0,Sakha-Yakutia Yakutsk (Russia),1982 DOB,Uzbekistan,2004,,,,,,
144,144,58,Blake Stepp,MIN,,G,6-4,192,22,1,Gonzaga,Sr,United States,2004,,13.0,3.9,5.0,1.2,0.1
145,145,59,Rashad Wright,IND,,SG,6-2,190,22,1,Georgia,Sr,United States,2004,,8.9,2.7,4.1,1.4,0.3
146,146,31,Salim Stoudamire,ATL,,G,6-1,186,22,4,Arizona,Sr,United States,2005,,15.2,2.2,2.0,0.8,0.1
147,147,32,Daniel Ewing,LAC,,G,6-3,185,22,2,Duke,Sr,United States,2005,,11.6,2.8,2.1,1.4,0.2
148,148,33,Brandon Bass,NOP,,PF,6-8,250,20,12,LSU,So *,United States,2005,,15.1,8.2,0.7,0.8,1.8
149,149,34,CJ Miles,UTH,,GF,6-6,220,18,15,Skyline High School (Texas),1987 DOB *,United States,2005,,,,,,
150,150,35,Ricky Sanchez,POR,"POR to DEN
DEN to PHL
PHL to MEM
MEM to MIA",F,7-0,220,17,0,IMG Academy (Florida),1987 DOB,Puerto Rico / United States,2005,,,,,,
151,151,36,Ersan Ilyasova,MIL,,F,6-10,235,18,14,Alpella B.K. (Turkey),1987 DOB *,Turkey,2005,,,,,,
152,152,37,Ronny Turiaf,LAL,,FC,6-10,241,22,10,Gonzaga,Sr,France,2005,,13.6,6.8,1.0,0.5,1.4
153,153,38,Travis Diener,ORL,,PG,6-1,174,23,5,Marquette,Sr,United States / Italy,2005,,14.1,3.1,5.1,1.3,0.1
154,154,39,Von Wafer,LAL,,GF,6-5,210,19,7,Florida State,So *,United States,2005,,10.1,2.2,1.4,0.9,0.2
155,155,40,Monta Ellis,GOS,,G,6-3,185,19,12,Lanier High School (Mississippi),1985 DOB *,United States,2005,,,,,,
156,156,41,Roko Ukic,TOR,,G,6-5,183,20,2,Fenerbahce Ulker (Turkey),1984 DOB *,Croatia,2005,,,,,,
157,157,42,Chris Taft,GOS,,F,6-10,265,20,1,Pittsburgh,So *,United States,2005,,12.0,7.5,1.1,0.4,1.7
158,158,43,Mile Ilic,NJN,,C,7-1,255,21,1,KK FMP (Serbia),1984 DOB *,Serbia,2005,,,,,,
159,159,44,Martynas Andriuskevicius,ORL,ORL to CLE,C,7-2,240,19,2,Zalgiris (Lithuania),1986 DOB *,Lithuania,2005,,,,,,
160,160,45,Lou Williams,PHL,,G,6-1,175,18,16,South Gwinnett High School (Georgia),1986 DOB *,United States,2005,,4.2,0.6,1.0,0.2,0.0
161,161,46,Erazem Lorbek,IND,IND to SAN,FC,6-11,242,21,0,Fortituto Kontatto Bologna (Italy),1984 DOB *,Slovenia,2005,,6.4,3.3,0.6,0.6,0.5
162,162,47,Bracey Wright,MIN,,G,6-3,210,20,2,Indiana,Jr *,United States,2005,,17.6,5.1,2.4,0.9,0.6
163,163,48,Mickael Gelabale,SEA,,F,6-7,215,22,3,Real Madrid (Spain),1983 DOB,France,2005,,,,,,
164,164,49,Andray Blatche,WAS,,PF,6-11,260,18,9,South Kent School (Connecticut),1986 DOB *,United States / Philippines,2005,,,,,,
165,165,50,Ryan Gomes,BOS,,F,6-7,245,22,8,Providence,Sr,United States,2005,,18.4,8.9,2.3,1.6,0.4
166,166,51,Robert Whaley,UTH,,C,6-10,260,23,1,Walsh,Sr,United States,2005,,5.8,2.5,0.6,0.3,0.4
167,167,52,Axel Hervelle,DEN,"DEN to HOU
HOU to NYK",PF,6-8,240,22,0,Real Madrid (Spain),1983 DOB,Belgium,2005,,,,,,
168,168,53,Orien Greene,BOS,,G,6-5,218,23,4,Louisiana,Sr,United States,2005,,7.0,3.4,3.1,2.0,0.3
169,169,54,Dijon Thompson,NYK,NYK to PHX,SF,6-7,195,22,2,UCLA,Sr,United States,2005,,12.5,4.7,2.0,1.1,0.3
170,170,55,Lawrence Roberts,SEA,SEA to MEM,PF,6-8,240,22,2,Mississippi State,Sr,United States,2005,,16.5,9.9,1.5,1.6,0.9
171,171,56,Amir Johnson,DET,,PF,6-9,240,18,14,Westchester High School (California),1987 DOB *,United States,2005,,10.2,4.0,5.0,1.6,0.1
172,172,57,Marcin Gortat,PHX,PHX to ORL,FC,6-11,240,21,12,Koln 99ers (Germany),1984 DOB *,Poland,2005,,,,,,
173,173,58,Uros Slokar,TOR,,PF,6-11,238,22,1,Pallalcesto Amatori Udine (Italy),1983 DOB,Slovenia,2005,,,,,,
174,174,59,Cenk Akyol,ATL,"ATL to LAC
LAC to PHL
PHL to DEN
DEN to ATL
ATL to PHX",G,6-4,200,18,0,Anadolu Efes (Turkey),1987 DOB *,Turkey,2005,,,,,,
175,175,60,Alex Acker,DET,,SG,6-5,185,22,2,Pepperdine,Jr *,United States,2005,,14.5,5.6,2.8,1.5,0.4
176,176,31,James White,POR,POR to IND,SF,6-7,215,23,3,Cincinnati,Sr,United States,2006,,10.3,4.2,2.6,1.0,0.6
177,177,32,Steve Novak,HOU,,F,6-10,225,23,11,Marquette,Sr,United States,2006,,12.4,4.2,1.0,0.5,0.1
178,178,33,Solomon Jones,ATL,,C,6-10,230,21,8,South Florida,Sr,United States,2006,,9.8,8.0,1.0,0.6,2.6
179,179,34,Paul Davis,LAC,,FC,6-11,270,21,4,Michigan State,Sr,United States,2006,,13.2,7.0,1.4,1.1,0.7
180,180,35,PJ Tucker,TOR,,SF,6-6,245,21,10,Texas,Jr *,United States,2006,,13.4,8.2,2.0,1.3,0.3
181,181,36,Craig Smith,MIN,,PF,6-7,250,22,6,Boston College,Sr,United States,2006,,18.1,8.6,1.9,1.3,0.8
182,182,37,Bobby Jones,MIN,MIN to PHL,F,6-7,215,22,2,Washington,Sr,United States,2006,,,,,,
183,183,38,Kosta Perovic,GOS,,C,7-2,240,21,1,KK Partizan (Serbia),1985 DOB *,Serbia,2006,,,,,,
184,184,39,David Noel,MIL,,SF,6-6,230,22,2,North Carolina,Sr,United States,2006,,6.9,4.3,1.9,1.1,0.5
185,185,40,Denham Brown,SEA,,GF,6-5,218,23,0,Connecticut,Sr,Canada,2006,,9.4,3.9,1.3,0.7,0.2
186,186,41,James Augustine,ORL,,FC,6-10,235,22,2,Illinois,Sr,United States,2006,,10.1,7.5,1.1,1.0,1.0
187,187,42,Daniel Gibson,CLE,,G,6-2,200,20,7,Texas,So *,United States,2006,,13.8,3.6,3.5,1.5,0.3
188,188,43,Marquinhos Vinicius,NOP,,F,6-9,225,22,2,Objetivo Sao Carlos (Brazil),1984 DOB,Brazil,2006,,,,,,
189,189,44,Lior Eliyahu,ORL,"ORL to HOU
HOU to MIN
MIN to GOS",PF,6-7,225,20,0,Hapoel Galil Gilboa (Israel),1985 DOB *,Israel,2006,,,,,,
190,190,45,Alexander Johnson,IND,"IND to POR
POR to MEM",F,6-9,240,23,3,Florida State,Jr *,United States,2006,,9.8,5.2,0.7,0.9,0.7
191,191,46,Dee Brown,UTH,,G,6-0,185,21,2,Illinois,Sr,United States,2006,,13.9,5.3,3.1,1.9,0.3
192,192,47,Paul Millsap,UTH,,FC,6-7,257,21,15,Louisiana Tech,Jr *,United States,2006,,18.6,12.7,0.9,1.3,2.0
193,193,48,Vladimir Veremeenko,WAS,"WAS to CHI
CHI to CLE
CLE to LAC",PF,6-8,229,21,0,Dynamo Saint Petersburg (Russia),1984 DOB,Belarus,2006,,,,,,
194,194,49,Leon Powe,DEN,DEN to BOS,F,6-8,240,22,5,California,So *,United States,2006,,17.8,9.8,1.1,0.8,0.6
195,195,50,Ryan Hollins,CHA,,C,7-0,230,21,10,UCLA,Sr,United States,2006,,5.7,4.0,0.4,0.2,0.9
196,196,51,Cheickh Samb,LAL,LAL to DET,C,7-1,245,21,2,CB Cornella (Spain),1984 DOB,Senegal,2006,,,,,,
197,197,52,Guillermo Diaz,LAC,,G,6-2,192,21,1,Miami (FL),Jr *,Puerto Rico / United States,2006,,15.9,3.4,2.6,1.3,0.3
198,198,53,Yotam Halperin,SEA,,SG,6-4,210,22,0,Union Olimpija (Slovenia),1984 DOB,Israel,2006,,,,,,
199,199,54,Hassan Adams,NJN,,G,6-4,220,22,2,Arizona,Sr,United States,2006,,14.0,5.4,2.0,1.8,0.7
200,200,55,Ejike Ugboaja,CLE,,F,6-9,225,21,0,Union Bank Lagos (Nigeria),1985 DOB *,Nigeria,2006,,,,,,
201,201,56,Edin Bavcic,TOR,"TOR to PHL
PHL to NOP
NOP to BRK
BRK to CLE",C,6-8,242,22,0,KK Bosna (Bosnia and Herzegovina),1984 DOB,Bosnia and Herzegovina,2006,,,,,,
202,202,57,Loukas Mavrokefalidis,MIN,,C,6-10,260,21,0,PAOK BC (Greece),1984 DOB,Greece,2006,,,,,,
203,203,58,JR Pinnock,DAL,DAL to LAL,SG,6-5,207,22,0,George Washington,Jr *,United States / Panama,2006,,12.6,4.6,2.1,1.8,0.6
204,204,59,Damir Markota,SAN,SAN to MIL,PF,6-10,260,20,1,KK Cibona (Croatia),1985 DOB *,Croatia / Sweden,2006,,,,,,
205,205,60,Will Blalock,DET,,G,6-1,200,22,1,Iowa State,Jr *,United States,2006,,11.6,3.1,5.0,1.9,0.1
206,206,31,Carl Landry,SEA,SEA to HOU,F,6-9,248,23,9,Purdue,Sr,United States,2007,,18.4,7.1,1.2,1.0,0.8
207,207,32,Gabe Pruitt,BOS,,G,6-4,185,21,2,USC,Jr *,United States,2007,,13.8,3.1,3.5,2.0,0.2
208,208,33,Marcus E Williams,SAN,,F,6-7,207,20,2,Arizona,So *,United States,2007,,,,,,
209,209,34,Nick Fazekas,DAL,,F,6-11,240,22,1,Nevada,Sr,United States / Japan,2007,,18.8,9.6,1.3,0.7,1.5
210,210,35,Glen Davis,SEA,SEA to BOS,PF,6-9,289,21,8,LSU,Jr *,United States,2007,,16.7,9.6,1.5,1.1,1.2
211,211,36,Jermareo Davidson,GOS,GOS to CHA,PF,6-10,230,22,2,Alabama,Sr,United States,2007,,10.1,7.3,1.0,0.5,1.8
212,212,37,Josh McRoberts,POR,,PF,6-10,240,20,11,Duke,So *,United States,2007,,10.8,6.5,2.4,1.2,1.9
213,213,38,Kyrylo Fesenko,PHL,PHL to UTH,C,7-1,280,20,5,BK Cherkassy (Ukraine),1986 DOB *,Ukraine,2007,,,,,,
214,214,39,Stanko Barac,MIA,"MIA to IND
IND to DAL",C,7-1,245,20,0,BC Siroki (Bosnia and Herzegovina),1986 DOB *,Croatia,2007,,,,,,
215,215,40,Yue Sun,LAL,,G,6-8,205,21,1,Beijing Olympians (United States),1985 DOB,China,2007,,,,,,
216,216,41,Chris Richard,MIN,,F,6-9,255,22,2,Florida,Sr,United States,2007,,4.9,3.2,0.3,0.3,0.4
217,217,42,Derrick Byars,POR,POR to PHL,SF,6-7,220,23,2,Vanderbilt,Sr,United States,2007,,11.0,3.7,2.2,0.9,0.2
218,218,43,Adam Haluska,NOP,,G,6-5,210,23,1,Iowa,Sr,United States,2007,,14.4,4.2,1.9,1.1,0.3
219,219,44,Reyshawn Terry,ORL,ORL to DAL,PF,6-8,235,23,0,North Carolina,Sr,United States,2007,,7.3,3.5,0.9,0.6,0.5
220,220,45,Jared Jordan,LAC,LAC to NYK,G,6-2,187,22,0,Marist,Sr,United States,2007,,13.1,4.8,6.9,1.4,0.1
221,221,46,Stephane Lasme,GOS,,F,6-8,215,24,1,Massachusetts,Sr,Gabon,2007,,8.6,6.4,0.9,0.7,3.4
222,222,47,Dominic McGuire,WAS,,F,6-9,235,21,6,Fresno State,Jr *,United States,2007,,8.7,6.3,2.0,0.6,1.9
223,223,48,Marc Gasol,LAL,LAL to MEM,C,7-1,255,22,13,CB Girona (Spain),1985 DOB,Spain,2007,,,,,,
224,224,49,Aaron Gray,CHI,,C,7-0,270,22,7,Pittsburgh,Sr,United States,2007,,9.8,7.0,1.3,0.4,1.2
225,225,50,Renaldas Seibutis,DAL,"DAL to LAC
LAC to CLE",SG,6-5,176,21,0,Maroussi BC (Greece),1985 DOB,Lithuania,2007,,,,,,
226,226,51,JamesOn Curry,CHI,,G,6-4,200,21,2,Oklahoma State,Jr *,United States,2007,,13.5,2.9,3.5,1.0,0.2
227,227,52,Taurean Green,POR,,PG,6-0,177,20,1,Florida,Jr *,United States,2007,,10.6,2.2,3.6,1.1,0.1
228,228,53,Demetris Nichols,POR,POR to NYK,SF,6-8,216,22,2,Syracuse,Sr,United States,2007,,10.9,4.1,1.1,1.0,0.8
229,229,54,Brad Newley,HOU,HOU to LAL,F,6-6,205,22,0,Lietuvos Rytas (Lithuania),1985 DOB,Australia,2007,,,,,,
230,230,55,Herbert Hill,UTH,UTH to PHL,FC,6-10,240,22,1,Providence,Sr,United States,2007,,9.7,5.2,0.9,0.8,1.9
231,231,56,Ramon Sessions,MIL,,G,6-3,190,21,11,Nevada,Jr *,United States,2007,,8.8,4.2,4.9,1.2,0.1
232,232,57,Sammy Mejia,DET,,SF,6-6,190,24,0,DePaul,Sr,United States,2007,,12.1,4.8,3.2,1.0,0.2
233,233,58,Georgios Printezis,SAN,"SAN to TOR
TOR to DAL
DAL to NYK
NYK to POR
POR to OKC
OKC to ATL
ATL to SAN",F,6-9,235,22,0,Ifestos Limnou (Greece),1985 DOB,Greece,2007,,,,,,
234,234,59,DJ Strawberry,PHX,,G,6-6,205,22,1,Maryland,Sr,United States / Cameroon,2007,,10.1,3.3,2.9,1.8,0.4
235,235,60,Milovan Rakovic,DAL,"DAL to ORL
ORL to CHI
CHI to POR",PF,6-10,286,22,0,KK Mega Bemax (Serbia),1985 DOB,Serbia,2007,,,,,,
236,236,31,Nikola Pekovic,MIN,,PF,6-11,307,22,7,Panathinaikos (Greece),1986 DOB,Montenegro,2008,,,,,,
237,237,32,Walter Sharpe,SEA,SEA to DET,F,6-9,245,21,1,UAB,Jr *,United States,2008,,7.0,3.8,0.9,0.6,0.9
238,238,33,Joey Dorsey,POR,POR to HOU,FC,6-9,275,24,4,Memphis,Sr,United States,2008,,6.7,8.1,0.5,1.1,1.8
239,239,34,Mario Chalmers,MIN,MIN to MIA,G,6-2,190,22,9,Kansas,Jr *,United States,2008,,12.2,2.8,3.8,2.6,0.4
240,240,35,DeAndre Jordan,LAC,,C,6-11,265,19,13,Texas A&M,Fr *,United States,2008,,7.9,6.0,0.4,0.2,1.3
241,241,36,Omer Asik,POR,POR to CHI,C,7-0,255,21,9,Fenerbahce Ulker (Turkey),1986 DOB,Turkey,2008,,,,,,
242,242,37,Luc Mbah a Moute,MIL,,F,6-8,230,21,11,UCLA,Jr *,Cameroon,2008,,,,,,
243,243,38,Kyle Weaver,CHA,CHA to OKC,SG,6-6,200,22,3,Washington State,Sr,United States,2008,,9.6,4.7,3.8,1.6,0.8
244,244,39,Sonny Weems,CHI,CHI to DEN,SF,6-6,205,21,4,Arkansas,Sr,United States,2008,,13.3,4.6,2.3,1.3,0.3
245,245,40,Chris Douglas-Roberts,NJN,,SF,6-7,210,21,6,Memphis,Jr *,United States,2008,,14.2,3.7,1.7,1.0,0.4
246,246,41,Nathan Jawai,IND,IND to TOR,C,6-10,280,21,2,Cairns (Australia),1986 DOB,Australia,2008,,,,,,
247,247,42,Sean Singletary,SAC,,PG,6-0,185,22,1,Virginia,Sr,United States,2008,,16.9,4.0,4.8,1.6,0.1
248,248,43,Pat Ewing,SAC,,F,6-8,237,24,1,Georgetown,Sr,United States / Jamaica,2008,,4.3,3.4,1.0,0.6,0.6
249,249,44,Ante Tomic,UTH,UTH to NYK,C,7-1,225,21,0,KK Zagreb (Croatia),1987 DOB *,Croatia,2008,,,,,,
250,250,45,Goran Dragic,SAN,SAN to PHX,G,6-3,190,22,13,Union Olimpija (Slovenia),1986 DOB,Slovenia,2008,,,,,,
251,251,46,Trent Plaisted,SEA,SEA to DET,C,6-11,245,21,0,Brigham Young,Jr *,United States,2008,,13.3,6.7,1.2,0.4,1.0
252,252,47,Henry Walker,WAS,WAS to BOS,GF,6-6,235,20,5,Kansas State,Fr *,United States,2008,,,,,,
253,253,48,Malik Hairston,PHX,PHX to SAN,SF,6-6,220,21,2,Oregon,Sr,United States,2008,,14.1,5.1,2.1,0.6,0.6
254,254,49,Richard Hendrix,GOS,,FC,6-9,264,21,1,Alabama,Jr *,United States / North Macedonia,2008,,14.0,8.9,1.4,0.9,1.6
255,255,50,DeVon Hardin,SEA,,C,6-11,235,21,0,California,Sr,United States,2008,,7.4,6.4,0.4,0.4,1.3
256,256,51,Shan Foster,DAL,DAL to UTH,GF,6-6,195,21,0,Vanderbilt,Sr,United States,2008,,15.2,3.9,1.7,0.8,0.3
257,257,52,Darnell Jackson,MIA,MIA to CLE,F,6-8,241,22,3,Kansas,Sr,United States,2008,,6.8,4.9,0.5,0.5,0.4
258,258,53,Tadija Dragicevic,UTH,"UTH to DAL
DAL to CHI
CHI to HOU
HOU to NYK",PF,6-9,235,22,0,KK Crvena Zvezda (Serbia),1986 DOB,Serbia,2008,,,,,,
259,259,54,Maarty Leunen,HOU,"HOU to LAC
LAC to DAL
DAL to HOU
HOU to IND",F,6-9,220,22,0,Oregon,Sr,United States,2008,,9.9,7.1,1.8,1.0,0.4
260,260,55,Mike Taylor,POR,POR to LAC,PG,6-2,165,22,1,Idaho Stampede,1986 DOB,United States,2008,,16.0,4.1,4.5,1.1,0.1
261,261,56,Sasha Kaun,SEA,SEA to CLE,C,6-11,250,23,1,Kansas,Sr,Russia,2008,,6.1,3.9,0.3,0.4,1.1
262,262,57,James Gist,SAN,,PF,6-9,235,21,0,Maryland,Sr,United States,2008,,10.9,6.0,1.1,0.9,1.8
263,263,58,Joe Crawford,LAL,,G,6-5,207,22,1,Kentucky,Sr,United States,2008,,11.3,3.4,1.5,0.5,0.2
264,264,59,Deron Washington,DET,,GF,6-7,210,22,0,Virginia Tech,Sr,United States,2008,,11.0,5.4,1.5,1.2,0.9
265,265,60,Semih Erden,BOS,,C,7-0,240,21,2,Fenerbahce Ulker (Turkey),1986 DOB,Turkey,2008,,,,,,
266,266,31,Jeff Ayres,SAC,SAC to POR,FC,6-10,240,22,6,Arizona State,Sr,United States,2009,,,,,,
267,267,32,Jermaine Taylor,WAS,WAS to HOU,G,6-5,205,22,2,UCF,Sr,United States,2009,,16.2,3.9,1.4,0.9,0.4
268,268,33,Dante Cunningham,POR,,F,6-8,230,22,10,Villanova,Sr,United States,2009,,9.6,5.9,1.0,1.2,0.8
269,269,34,Sergio Llull,DEN,"DEN to HOU
HOU to NYK",PG,6-3,190,21,0,Real Madrid (Spain),1987 DOB,Spain,2009,,,,,,
270,270,35,DaJuan Summers,DET,,PF,6-8,230,21,4,Georgetown,Jr *,United States,2009,,11.2,4.4,1.3,1.0,0.6
271,271,36,Sam Young,MEM,,F,6-6,225,24,4,Pittsburgh,Sr,United States / Lebanon,2009,,13.2,5.0,1.0,0.8,0.8
272,272,37,DeJuan Blair,SAN,,F,6-8,270,20,7,Pittsburgh,So *,United States,2009,,13.6,10.7,1.1,1.6,1.0
273,273,38,Jon Brockman,POR,POR to SAC,PF,6-7,255,22,3,Washington,Sr,United States,2009,,13.8,9.8,1.0,0.8,0.1
274,274,39,Jonas Jerebko,DET,,F,6-10,231,22,10,Edilnol Pallacanestro Biella (Italy),1987 DOB,Sweden,2009,,,,,,
275,275,40,Derrick Brown,CHA,,F,6-7,225,21,3,Xavier,Jr *,United States,2009,,10.3,5.6,1.5,0.7,0.8
276,276,41,Jodie Meeks,MIL,,G,6-4,210,21,10,Kentucky,Jr *,United States,2009,,15.4,3.0,1.6,1.1,0.1
277,277,42,Patrick Beverley,LAL,LAL to MIA,PG,6-1,185,20,9,Dnipro Dnipropetrovsk (Ukraine),1988 DOB,United States,2009,,13.0,5.5,2.8,1.5,0.4
278,278,43,Marcus Thornton,MIA,MIA to NOP,SG,6-4,205,22,8,LSU,Sr,United States,2009,,20.4,5.5,1.8,1.5,0.3
279,279,44,Chase Budinger,DET,DET to HOU,GF,6-7,215,21,7,Arizona,Jr *,United States,2009,,17.0,5.8,2.8,1.3,0.4
280,280,45,Nick Calathes,MIN,"MIN to DAL
DAL to MEM",PG,6-6,213,20,2,Florida,So *,United States / Greece,2009,,16.3,5.3,6.3,1.8,0.1
281,281,46,Danny Green,CLE,,SF,6-6,215,22,12,North Carolina,Sr,United States,2009,,9.4,4.1,1.8,1.1,1.1
282,282,47,Henk Norel,MIN,,C,7-0,230,21,0,Joventut Badalona (Spain),1987 DOB,Netherlands,2009,,,,,,
283,283,48,Taylor Griffin,PHX,,F,6-8,235,23,1,Oklahoma,Sr,United States,2009,,6.6,4.8,1.0,0.9,0.8
284,284,49,Sergii Gladyr,ATL,ATL to CLE,G,6-5,190,20,0,MBC Mykolaiv (Ukraine),1988 DOB *,Ukraine,2009,,,,,,
285,285,50,Goran Suton,UTH,,C,6-8,245,23,0,Michigan State,Sr,Bosnia and Herzegovina / United States,2009,,8.1,6.6,1.6,0.8,0.7
286,286,51,Jack McClinton,SAN,,G,6-1,185,24,0,Miami (FL),Sr,United States,2009,,16.9,3.2,2.6,0.8,0.0
287,287,52,AJ Price,IND,,G,6-2,195,22,6,Connecticut,Sr,United States,2009,,13.0,3.4,4.7,1.1,0.1
288,288,53,Nando De Colo,SAN,,G,6-5,195,22,2,Cholet Basket (France),1987 DOB,France,2009,,,,,,
289,289,54,Robert Vaden,CHA,CHA to OKC,SG,6-5,220,24,1,UAB,Sr,United States,2009,,15.8,4.6,2.6,1.2,0.3
290,290,55,Patty Mills,POR,,G,6-0,180,20,12,Saint Mary's,So *,Australia,2009,,,,,,
291,291,56,Ahmad Nivins,DAL,DAL to NYK,F,6-9,207,22,0,Saint Joseph's,Sr,United States,2009,,14.2,7.6,0.5,0.7,1.3
292,292,57,Emir Preldzic,PHX,"PHX to CLE
CLE to WAS
WAS to DAL
DAL to IND
IND to TOR
TOR to PHL
PHL to NYK",SF,6-9,220,21,0,Fenerbahce Ulker (Turkey),1987 DOB,Turkey / Slovenia,2009,,,,,,
293,293,58,Lester Hudson,BOS,,G,6-3,190,24,4,Tennessee-Martin,Sr,United States,2009,,26.6,7.9,4.4,2.6,0.6
294,294,59,Chinemelu Elonu,LAL,,C,6-10,235,22,0,Texas A&M,Jr *,Nigeria / United States,2009,,5.1,4.4,0.2,0.2,0.9
295,295,60,Robert Dozier,MIA,,PF,6-9,215,23,0,Memphis,Sr,United States,2009,,9.3,6.5,1.0,1.0,1.5
296,296,31,Tibor Pleiss,NJN,"NJN to ATL
ATL to OKC
OKC to UTH",C,7-3,256,20,1,Brose Baskets Bamberg (Germany),1989 DOB *,Germany,2010,,,,,,
297,297,32,Dexter Pittman,MIA,,C,6-11,285,22,4,Texas,Sr,United States,2010,,6.6,3.9,0.3,0.2,0.9
298,298,33,Hassan Whiteside,SAC,,C,7-1,265,21,9,Marshall,Fr *,United States,2010,,13.1,8.9,0.3,0.6,5.4
299,299,34,Armon Johnson,POR,,G,6-2,195,21,2,Nevada,Jr *,United States,2010,,14.3,3.7,4.4,0.8,0.2
300,300,35,Nemanja Bjelica,WAS,WAS to MIN,PF,6-10,235,22,6,KK Crvena Zvezda (Serbia),1988 DOB,Serbia,2010,,,,,,
301,301,36,Terrico White,DET,,G,6-5,215,20,1,Ole Miss,So *,United States,2010,,14.5,4.0,1.9,0.8,0.2
302,302,37,Darington Hobson,MIL,,GF,6-7,210,22,2,New Mexico,Jr *,United States,2010,,15.9,9.3,4.6,1.3,0.4
303,303,38,Andy Rautins,NYK,,G,6-4,190,23,1,Syracuse,Sr,United States / Canada,2010,,8.8,2.6,2.7,1.4,0.2
304,304,39,Landry Fields,NYK,,F,6-7,210,21,5,Stanford,Sr,United States,2010,,10.8,5.0,1.6,0.9,0.4
305,305,40,Lance Stephenson,IND,,SG,6-6,230,19,9,Cincinnati,Fr *,United States,2010,,12.3,5.4,2.5,0.9,0.2
306,306,41,Jarvis Varnado,MIA,,FC,6-9,230,22,2,Mississippi State,Sr,United States,2010,,10.0,7.8,0.6,0.5,4.0
307,307,42,DaSean Butler,MIA,,F,6-7,230,22,1,West Virginia,Sr,United States,2010,,14.3,5.5,1.9,1.1,0.2
308,308,43,Devin Ebanks,LAL,,F,6-9,215,20,3,West Virginia,So *,United States / Greece,2010,,11.2,7.9,2.6,0.9,0.7
309,309,44,Jerome Jordan,MIL,MIL to NYK,C,7-0,253,23,2,Tulsa,Sr,Jamaica,2010,,11.3,7.4,0.8,0.4,2.5
310,310,45,Paulao Prestes,MIN,,C,6-11,260,22,0,UCAM Murcia CB (Spain),1988 DOB,Brazil,2010,,,,,,
311,311,46,Gani Lawal,PHX,,F,6-9,234,21,1,Georgia Tech,Jr *,United States / Nigeria,2010,,11.8,7.2,0.4,0.6,1.3
312,312,47,Tiny Gallon,MIL,,C,6-9,290,19,0,Oklahoma,Fr *,United States,2010,,10.3,7.9,0.8,0.7,0.8
313,313,48,Latavious Williams,MIA,"MIA to OKC
OKC to NOP",F,6-8,225,21,0,Tulsa 66ers,1989 DOB,United States,2010,,,,,,
314,314,49,Ryan Richards,SAN,,FC,6-11,265,19,0,Gran Canaria (Spain),1991 DOB *,England,2010,,,,,,
315,315,50,Solomon Alabi,DAL,DAL to TOR,C,7-1,250,22,2,Florida State,So *,Nigeria,2010,,9.1,5.4,0.4,0.5,2.1
316,316,51,Magnum Rolle,OKC,OKC to IND,F,6-11,235,24,1,Louisiana Tech,Sr,Bahamas,2010,,8.1,5.6,0.6,0.6,1.4
317,317,52,Luke Harangody,BOS,,F,6-8,245,22,3,Notre Dame,Sr,United States,2010,,19.2,9.5,1.6,0.8,0.7
318,318,53,Pape Sy,ATL,,SF,6-7,224,22,1,STB Le Havre (France),1988 DOB,France,2010,,,,,,
319,319,54,Willie Warren,LAC,,GF,6-4,200,20,1,Oklahoma,So *,United States,2010,,15.2,2.6,3.5,1.1,0.1
320,320,55,Jeremy Evans,UTH,,F,6-9,200,22,7,Western Kentucky,Sr,United States,2010,,7.9,5.9,0.5,0.6,1.7
321,321,56,Hamady Ndiaye,MIN,MIN to WAS,C,7-0,235,23,3,Rutgers,Sr,Senegal,2010,,5.8,5.5,0.4,0.4,2.9
322,322,57,Ryan Reid,IND,IND to OKC,PF,6-8,235,23,1,Florida State,Sr,United States,2010,,5.0,3.9,0.7,0.5,0.6
323,323,58,Derrick Caracter,LAL,,F,6-9,276,22,2,UTEP,Jr *,United States,2010,,10.3,5.6,0.6,0.7,0.8
324,324,59,Stanley Robinson,ORL,,F,6-9,220,21,0,Connecticut,Sr,United States,2010,,9.8,6.2,1.0,0.6,1.0
325,325,60,Dwayne Collins,PHX,,F,6-8,241,22,0,Miami (FL),Sr,United States,2010,,9.9,7.0,0.9,0.7,0.7
326,326,31,Bojan Bogdanovic,MIA,"MIA to MIN
MIN to NJN",F,6-8,216,22,7,KK Cibona (Croatia),1989 DOB,,2011,,,,,,
327,327,32,Justin Harper,CLE,CLE to ORL,PF,6-10,225,21,3,Richmond,Sr,,2011,,10.6,4.8,0.7,0.6,0.8
328,328,33,Kyle Singler,DET,,F,6-8,228,23,6,Duke,Sr,,2011,,16.2,6.9,2.0,1.1,0.7
329,329,34,Shelvin Mack,WAS,,G,6-3,203,21,8,Butler,Jr *,,2011,,14.1,4.2,3.3,1.1,0.1
330,330,35,Tyler Honeycutt,SAC,,F,6-8,190,20,2,UCLA,So *,,2011,,10.3,6.9,2.8,1.2,1.7
331,331,36,Jordan Williams,NJN,,PF,6-10,260,20,1,Maryland,So *,,2011,,13.2,10.2,0.4,0.7,1.2
332,332,37,Trey Thompkins,LAC,,PF,6-10,245,21,2,Georgia,Jr *,,2011,,15.7,7.8,1.4,1.0,1.3
333,333,38,Chandler Parsons,HOU,"HOU to MIN
MIN to HOU",SF,6-10,230,22,9,Florida,Sr,,2011,,10.2,6.0,2.4,0.9,0.3
334,334,39,Jeremy Tyler,CHA,CHA to GOS,PF,6-11,250,20,3,Tokyo Apache (Japan),1991 DOB,,2011,,,,,,
335,335,40,Jon Leuer,MIL,,PF,6-10,228,22,8,Wisconsin,Sr,,2011,,11.2,4.5,1.1,0.4,0.7
336,336,41,Darius Morris,LAL,,G,6-4,195,20,4,Michigan,So *,,2011,,9.9,2.9,4.8,0.8,0.1
337,337,42,Davis Bertans,IND,IND to SAN,SF,6-10,225,18,5,Union Olimpija (Slovenia),1992 DOB *,,2011,,,,,,
338,338,43,Malcolm Lee,CHI,CHI to MIN,G,6-5,200,21,3,UCLA,Jr *,,2011,,9.7,3.0,2.0,0.8,0.2
339,339,44,Charles Jenkins,GOS,,G,6-3,215,22,2,Hofstra,Sr,,2011,,19.6,4.3,3.8,1.7,0.6
340,340,45,Josh Harrellson,NOP,NOP to NYK,F,6-10,275,22,3,Kentucky,Sr,,2011,,4.7,4.7,0.4,0.5,0.9
341,341,46,Andrew Goudelock,LAL,,G,6-3,200,22,3,Charleston,Sr,,2011,,18.4,3.3,3.0,0.9,0.3
342,342,47,Travis Leslie,LAC,,G,6-4,205,21,2,Georgia,Jr *,,2011,,12.2,6.1,2.1,1.1,0.7
343,343,48,Keith Benson,ATL,,C,6-11,240,22,1,Oakland,Sr,,2011,,14.1,8.2,0.7,0.5,2.7
344,344,49,Josh Selby,MEM,,G,6-2,195,20,2,Kansas,Fr *,,2011,,7.9,2.2,2.2,0.8,0.0
345,345,50,Lavoy Allen,PHL,,PF,6-9,260,22,6,Temple,Sr,,2011,,10.5,8.5,2.1,0.5,1.6
346,346,51,Jon Diebler,POR,"POR to HOU
HOU to CHI",SF,6-6,205,23,0,Ohio State,Sr,,2011,,10.7,2.8,1.9,1.0,0.2
347,347,52,Vernon Macklin,DET,,F,6-10,227,24,1,Florida,Sr,,2011,,7.3,3.7,0.7,0.3,0.6
348,348,53,DeAndre Liggins,ORL,,G,6-6,210,23,5,Kentucky,Jr *,,2011,,5.8,3.0,2.1,0.9,0.5
349,349,54,Milan Macvan,CLE,,PF,6-9,265,21,0,KK Vrsac Swisslion (Serbia),1989 DOB,,2011,,,,,,
350,350,55,ETwaun Moore,BOS,,SG,6-4,191,22,10,Purdue,Sr,,2011,,15.3,4.4,2.9,1.2,0.4
351,351,56,Chu Maduabum,LAL,"LAL to DEN
DEN to PHL
PHL to CLE",PF,6-9,210,20,0,Bakersfield Jam,1991 DOB,,2011,,,,,,
352,352,57,Tanguy Ngombo,DAL,"DAL to POR
POR to MIN",GF,6-6,230,21,0,Al-Rayyan Sports Club (Qatar),1989 DOB,,2011,,,,,,
353,353,58,Ater Majok,LAL,"LAL to CHI
CHI to NOP",FC,6-11,233,23,0,Gold Coast (Australia),1987 DOB,,2011,,2.3,3.0,0.2,0.2,1.6
354,354,59,Adam Hanga,SAN,,SF,6-7,200,22,0,Alba Fehervar (Hungary),1989 DOB,,2011,,,,,,
355,355,60,Isaiah Thomas,SAC,,PG,5-9,185,22,10,Washington,Jr *,,2011,,16.4,3.5,4.0,1.2,0.1
356,356,31,Jeffery Taylor,CHA,,SF,6-7,225,23,3,Vanderbilt,Sr,,2012,,14.2,5.6,1.9,1.1,0.4
357,357,32,Tomas Satoransky,WAS,,PG,6-7,210,20,5,Coosur Real Betis (Spain),1991 DOB *,,2012,,,,,,
358,358,33,Bernard James,CLE,CLE to DAL,PF,6-10,230,27,3,Florida State,Sr,,2012,,,,,,
359,359,34,Jae Crowder,CLE,CLE to DAL,SF,6-6,235,21,9,Marquette,Sr,,2012,,14.6,7.6,1.8,1.9,0.9
360,360,35,Draymond Green,GOS,,F,6-6,230,22,9,Michigan State,Sr,,2012,,10.5,7.6,2.9,1.2,0.8
361,361,36,Orlando Johnson,SAC,SAC to IND,GF,6-5,220,23,3,UC Santa Barbara,Sr,,2012,,17.8,5.6,2.6,0.9,0.5
362,362,37,Quincy Acy,TOR,,F,6-7,240,21,7,Baylor,Sr,,2012,,9.8,6.0,0.6,0.7,1.3
363,363,38,Quincy Miller,DEN,,PF,6-11,210,19,3,Baylor,Fr *,,2012,,10.6,4.9,1.4,0.7,0.6
364,364,39,Khris Middleton,DET,,SF,6-8,222,20,9,Texas A&M,Jr *,,2012,,11.3,4.6,2.0,1.0,0.2
365,365,40,Will Barton,POR,,GF,6-5,181,21,9,Memphis,So *,,2012,,15.2,6.5,2.9,1.5,0.6
366,366,41,Tyshawn Taylor,POR,POR to BRK,G,6-3,185,22,2,Kansas,Sr,,2012,,10.8,2.2,3.9,1.2,0.2
367,367,42,Doron Lamb,MIL,,SG,6-4,210,20,2,Kentucky,So *,,2012,,13.1,2.3,1.6,0.5,0.1
368,368,43,Mike Scott,ATL,,PF,6-8,237,23,9,Virginia,Sr,,2012,,6.2,3.5,2.0,1.3,0.1
369,369,44,Kim English,DET,,SG,6-6,200,23,1,Missouri,Sr,,2012,,11.1,3.0,1.4,1.1,0.2
370,370,45,Justin Hamilton,PHL,PHL to MIA,C,7-0,255,22,3,LSU,Jr *,,2012,,6.9,2.6,2.7,1.5,0.3
371,371,46,Darius Miller,NOP,,GF,6-8,225,22,7,Kentucky,Sr,,2012,,8.2,3.2,1.8,0.8,0.7
372,372,47,Kevin Murphy,UTH,,GF,6-5,185,22,1,Tennessee Tech,Sr,,2012,,15.8,4.2,1.9,0.8,0.2
373,373,48,Kostas Papanikolaou,NYK,"NYK to POR
POR to HOU",PF,6-8,225,21,2,Olympiacos (Greece),1990 DOB,,2012,,,,,,
374,374,49,Kyle OQuinn,ORL,,F,6-10,250,22,8,Norfolk State,Sr,,2012,,12.5,8.5,0.9,0.5,2.2
375,375,50,Izzet Turkyilmaz,DEN,,C,7-0,211,22,0,Teksut Bandirma (Turkey),1990 DOB,,2012,,,,,,
376,376,51,Kris Joseph,BOS,,SF,6-7,210,23,1,Syracuse,Sr,,2012,,10.5,4.5,1.5,1.3,0.5
377,377,52,Ognen Kuzmic,GOS,,C,7-1,251,22,2,Unicaja (Spain),1990 DOB,,2012,,,,,,
378,378,53,Furkan Aldemir,LAC,"LAC to HOU
HOU to PHL",PF,6-10,240,20,1,Galatasaray (Turkey),1991 DOB *,,2012,,,,,,
379,379,54,Tornike Shengelia,PHL,PHL to BRK,PF,6-9,220,20,2,Proximus Spirou Charleroi (Belgium),1991 DOB *,,2012,,,,,,
380,380,55,Darius Johnson-Odom,DAL,DAL to LAL,SG,6-2,220,22,2,Marquette,Sr,,2012,,15.7,3.1,2.5,0.9,0.2
381,381,56,Tomislav Zubcic,TOR,TOR to OKC,C,6-10,230,22,0,KK Cibona (Croatia),1990 DOB,,2012,,,,,,
382,382,57,Ilkan Karaman,BRK,"BRK to CLE
CLE to MIL",F,6-8,254,22,0,Pinar Karsiyaka (Turkey),1990 DOB,,2012,,,,,,
383,383,58,Robbie Hummel,MIN,,F,6-8,220,23,2,Purdue,Sr,,2012,,14.0,6.8,2.1,1.0,0.9
384,384,59,Marcus Denmon,SAN,,G,6-3,185,22,0,Missouri,Sr,,2012,,12.6,3.4,1.7,1.3,0.1
385,385,60,Robert Sacre,LAL,,C,7-0,270,23,4,Gonzaga,Sr,,2012,,9.3,5.0,0.7,0.5,1.4
386,386,31,Allen Crabbe,CLE,CLE to POR,SG,6-6,212,21,7,California,Jr *,United States,2013,,15.7,5.7,2.2,0.9,0.6
387,387,32,Alex Abrines,OKC,,GF,6-6,190,19,3,Barca (Spain),1993 DOB *,Spain,2013,,,,,,
388,388,33,Carrick Felix,CLE,,SF,6-6,200,22,2,Arizona State,Sr,United States,2013,,10.2,4.8,1.3,1.0,0.8
389,389,34,Isaiah Canaan,HOU,,G,6-0,200,22,6,Murray State,Sr,United States,2013,,15.5,2.8,2.9,1.2,0.1
390,390,35,Glen Rice,PHL,PHL to WAS,GF,6-6,206,22,2,Rio Grande Valley Vipers,1991 DOB,United States,2013,,18.2,6.4,2.0,0.8,0.3
391,391,36,Ray McCallum,SAC,,PG,6-3,191,22,4,Detroit-Mercy,Jr *,United States,2013,,-1.54,1.5,0.1,1.7,1.6
392,392,37,Tony Mitchell,DET,,F,6-9,240,21,2,North Texas,So *,United States,2013,,2.4,1.5,0.5,0.2,0.1
393,393,38,Nate Wolters,WAS,"WAS to PHL
PHL to MIL",PG,6-4,190,22,3,South Dakota State,Sr,United States,2013,,18.5,4.7,5.3,1.5,0.2
394,394,39,Jeff Withey,POR,POR to NOP,C,7-0,230,23,5,Kansas,Sr,United States,2013,,8.0,5.4,0.6,0.5,2.7
395,395,40,Grant Jerrett,POR,POR to OKC,PF,6-10,232,19,2,Arizona,Fr *,United States,2013,,5.2,3.6,0.5,0.5,1.0
396,396,41,Jamaal Franklin,MEM,,G,6-5,190,21,2,San Diego State,Jr *,United States,2013,,13.7,7.0,1.9,1.0,0.6
397,397,42,Pierre Jackson,PHL,"PHL to NOP
NOP to PHL",PG,5-10,180,21,1,Baylor,Sr,United States,2013,,16.7,3.3,6.5,1.6,0.0
398,398,43,Ricky Ledo,MIL,"MIL to PHL
PHL to DAL",GF,6-7,197,20,2,Providence,Fr *,United States,2013,,,,,,
399,399,44,Mike Muscala,DAL,DAL to ATL,FC,6-11,240,21,8,Bucknell,Sr,United States,2013,,15.3,8.2,1.6,0.4,2.0
400,400,45,Marko Todorovic,POR,POR to HOU,C,6-10,240,21,0,FC Barcelona II (Spain),1992 DOB *,Montenegro,2013,,,,,,
401,401,46,Erick Green,UTH,UTH to DEN,G,6-3,178,22,2,Virginia Tech,Sr,United States,2013,,13.5,2.6,2.5,1.2,0.2
402,402,47,Raulzinho Neto,ATL,ATL to UTH,PG,6-1,180,21,6,Acunsa GBC (Spain),1992 DOB *,Brazil,2013,,,,,,
403,403,48,Ryan Kelly,LAL,,PF,6-11,230,22,4,Duke,Sr,United States,2013,,1.8,1.9,0.4,0.2,0.3
404,404,49,Erik Murphy,CHI,,FC,6-10,240,22,1,Florida,Sr,United States / Finland,2013,,7.7,3.7,0.7,0.4,0.6
405,405,50,James Ennis,ATL,ATL to MIA,GF,6-6,215,22,7,Long Beach State,Sr,United States,2013,,13.2,5.4,2.4,1.7,1.0
406,406,51,Romero Osby,ORL,,PF,6-8,240,23,0,Oklahoma,Sr,United States,2013,,9.0,4.7,0.8,0.4,0.6
407,407,52,Lorenzo Brown,MIN,,SG,6-5,189,22,5,NC State,Jr *,United States,2013,,11.6,4.2,5.8,1.7,0.5
408,408,53,Colton Iverson,IND,IND to BOS,FC,7-0,255,23,0,Colorado State,Sr,United States,2013,,7.6,5.7,0.9,0.4,0.9
409,409,54,Arsalan Kazemi,WAS,WAS to PHL,F,6-7,226,23,0,Oregon,Sr,Iran,2013,,11.7,10.1,1.5,1.7,0.8
410,410,55,Joffrey Lauvergne,MEM,MEM to DEN,PF,6-11,260,21,4,KK Partizan (Serbia),1991 DOB,France,2013,,,,,,
411,411,56,Peyton Siva,DET,,PG,6-0,185,22,1,Louisville,Sr,United States,2013,,8.4,2.4,4.7,1.8,0.1
412,412,57,Alex Oriakhi,PHX,PHX to SAC,PF,6-9,255,23,0,Missouri,Sr,United States,2013,,8.2,7.2,0.3,0.4,1.5
413,413,58,Deshaun Thomas,SAN,,F,6-7,220,21,0,Ohio State,Jr *,United States,2013,,14.4,5.0,0.9,0.4,0.2
414,414,59,Bojan Dubljevic,MIN,MIN to POR,FC,6-9,242,21,0,Valencia Basket (Spain),1991 DOB,Montenegro,2013,,,,,,
415,415,60,Janis Timma,MEM,MEM to ORL,SF,6-7,226,20,0,BK Ventspils (Latvia),1992 DOB *,Latvia,2013,,,,,,
416,416,31,Damien Inglis,MIL,,PF,6-8,246,19,2,Chorale Roanne Basket (France),1995 DOB *,France,2014,,,,,,
417,417,32,KJ McDaniels,PHL,,GF,6-6,205,21,4,Clemson,Jr *,United States,2014,,11.0,4.8,0.9,0.9,1.9
418,418,33,Joe Harris,CLE,,SG,6-6,220,22,7,Virginia,Sr,United States,2014,,3.1,1.6,0.3,0.2,0.0
419,419,34,Cleanthony Early,NYK,,F,6-8,210,23,2,Wichita State,Sr,United States,2014,,15.1,5.7,0.7,0.8,0.8
420,420,35,Jarnell Stokes,UTH,UTH to MEM,FC,6-9,260,20,4,Tennessee,Jr *,United States,2014,,13.0,9.6,1.5,0.7,1.1
421,421,36,Johnny OBryant,MIL,,FC,6-9,257,21,4,LSU,Jr *,United States,2014,,12.7,7.7,1.3,0.5,0.8
422,422,37,DeAndre Daniels,TOR,,SF,6-9,196,22,0,Connecticut,Jr *,United States,2014,,9.6,4.6,0.5,0.6,1.2
423,423,38,Spencer Dinwiddie,DET,,PG,6-5,215,21,7,Colorado,Jr *,United States,2014,,13.0,3.3,2.6,1.1,0.3
424,424,39,Jerami Grant,PHL,,F,6-8,210,20,7,Syracuse,So *,United States,2014,,7.5,4.7,0.9,0.6,0.5
425,425,40,Glenn Robinson,MIN,,SF,6-6,222,20,7,Michigan,So *,United States,2014,,27.5,9.7,1.9,1.8,1.0
426,426,41,Nikola Jokic,DEN,,C,7-0,284,19,6,KK Mega Bemax (Serbia),1995 DOB *,Serbia,2014,,,,,,
427,427,42,Nick Johnson,HOU,,SG,6-3,200,21,1,Arizona,Jr *,United States,2014,,12.3,3.7,2.8,1.3,0.6
428,428,43,Edy Tavares,ATL,,C,7-3,265,22,2,Gran Canaria (Spain),1992 DOB,Cape Verde,2014,,,,,,
429,429,44,Markel Brown,MIN,MIN to BRK,SG,6-3,190,22,3,Oklahoma State,Sr,United States,2014,,12.4,4.3,2.3,1.0,0.8
430,430,45,Dwight Powell,CHA,CHA to CLE,PF,6-10,240,22,7,Stanford,Sr,Canada,2014,,10.8,6.3,1.8,0.9,0.9
431,431,46,Jordan Clarkson,WAS,WAS to LAL,G,6-5,192,22,7,Missouri,Jr *,United States,2014,,15.4,3.3,2.7,0.9,0.3
432,432,47,Russ Smith,PHL,PHL to NOP,G,6-0,165,23,2,Louisville,Sr,United States,2014,,14.3,2.7,2.8,1.9,0.1
433,433,48,Lamar Patterson,MIL,MIL to ATL,F,6-5,225,22,2,Pittsburgh,Sr,United States,2014,,9.5,3.9,2.9,1.0,0.3
434,434,49,Cameron Bairstow,CHI,,F,6-9,250,23,2,New Mexico,Sr,Australia,2014,,9.2,4.8,0.8,0.5,0.7
435,435,50,Alec Brown,PHX,,C,7-1,235,21,0,Green Bay,Sr,United States,2014,,13.3,6.3,0.9,0.6,2.5
436,436,51,Thanasis Antetokounmpo,NYK,,SF,6-7,215,21,3,Delaware 87ers,1992 DOB,Greece / Nigeria,2014,,,,,,
437,437,52,Vasilje Micic,PHL,PHL to OKC,PG,6-5,200,20,0,KK Mega Bemax (Serbia),1994 DOB *,Serbia,2014,,,,,,
438,438,53,Alessandro Gentile,MIN,MIN to HOU,SF,6-6,228,21,0,AX Armani Exchange Milan (Italy),1992 DOB,Italy,2014,,,,,,
439,439,54,Nemanja Dangubic,PHL,"PHL to SAN
SAN to BRK",SF,6-9,176,21,0,KK Mega Bemax (Serbia),1993 DOB *,Serbia,2014,,,,,,
440,440,55,Semaj Christon,MIA,"MIA to CHA
CHA to OKC",PG,6-3,190,21,1,Xavier,So *,United States,2014,,16.2,2.8,4.4,1.4,0.2
441,441,56,Devyn Marble,DEN,DEN to ORL,GF,6-6,192,21,2,Iowa,Sr,United States,2014,,,,,,
442,442,57,Louis Labeyrie,IND,IND to NYK,PF,6-10,200,22,0,Boulogne-Levallois (France),1992 DOB,France,2014,,,,,,
443,443,58,Jordan McRae,SAN,SAN to PHL,G,6-5,179,23,4,Tennessee,Sr,United States,2014,,13.3,3.3,1.8,0.6,0.9
444,444,59,Xavier Thames,TOR,TOR to BRK,G,6-3,187,23,0,San Diego State,Sr,United States,2014,,10.7,2.6,2.8,1.1,0.2
445,445,60,Cory Jefferson,SAN,"SAN to PHL
PHL to BRK",PF,6-9,215,23,2,Baylor,Sr,United States,2014,,8.9,5.6,0.4,0.3,1.3
446,446,31,Cedi Osman,MIN,MIN to CLE,GF,6-7,230,20,4,Anadolu Efes (Turkey),1995 DOB *,North Macedonia / Turkey,2015,,,,,,
447,447,32,Montrezl Harrell,HOU,,F,6-8,240,21,6,Louisville,Jr *,United States,2015,,11.6,6.9,0.9,0.8,1.1
448,448,33,Jordan Mickey,BOS,,PF,6-8,235,20,3,LSU,So *,United States,2015,,14.0,8.8,1.2,0.8,3.4
449,449,34,Anthony Brown,LAL,,GF,6-7,225,22,3,Stanford,Sr,United States,2015,,3.0,2.3,0.3,0.3,0.4
450,450,35,Willy Hernangomez,PHL,PHL to NYK,C,6-11,250,21,5,Cajasol Seville U18 (Spain),1994 DOB *,Spain,2015,,,,,,
451,451,36,Rakeem Christmas,MIN,"MIN to CLE
CLE to IND",PF,6-9,255,23,2,Syracuse,Sr,United States,2015,,7.4,5.3,0.6,0.5,1.7
452,452,37,Richaun Holmes,PHL,,F,6-10,240,21,6,Bowling Green,Sr,United States,2015,,11.5,6.9,0.7,0.8,2.6
453,453,38,Darrun Hilliard,DET,,SG,6-6,220,22,3,Villanova,Sr,United States,2015,,11.4,3.0,1.9,1.3,0.4
454,454,39,Juan Vaulet,CHA,CHA to BRK,F,6-6,200,19,0,Weber Bahia Estudiantes (Argentina),1996 DOB *,Argentina,2015,,,,,,
455,455,40,Josh Richardson,MIA,,G,6-5,200,21,6,Tennessee,Sr,United States,2015,,6.1,2.8,0.5,0.5,0.1
456,456,41,Pat Connaughton,BRK,BRK to POR,SF,6-4,209,22,6,Notre Dame,Sr,United States,2015,,10.5,5.9,1.8,0.7,0.5
457,457,42,Olivier Hanlan,UTH,UTH to SAN,G,6-4,190,22,0,Boston College,Jr *,Canada,2015,,17.8,3.9,3.1,1.1,0.1
458,458,43,Joe Young,IND,,G,6-2,180,22,3,Oregon,Sr,United States,2015,,3.8,1.8,0.6,0.6,0.1
459,459,44,Andrew Harrison,PHX,PHX to MEM,G,6-4,210,20,3,Kentucky,So *,United States,2015,,10.1,2.7,3.8,0.8,0.2
460,460,45,Marcus Thornton,BOS,,G,6-4,190,22,1,William & Mary,Sr,United States,2015,,20.4,5.5,1.8,1.5,0.3
461,461,46,Norman Powell,MIL,MIL to TOR,SG,6-4,215,22,6,UCLA,Sr,United States,2015,,9.8,3.0,1.5,1.1,0.4
462,462,47,Arturas Gudaitis,PHL,"PHL to SAC
SAC to CLE",C,6-10,254,22,0,Zalgiris (Lithuania),1993 DOB,Lithuania,2015,,,,,,
463,463,48,Dakari Johnson,OKC,,C,7-0,255,19,1,Kentucky,So *,United States,2015,,5.8,4.3,0.5,0.3,0.8
464,464,49,Aaron White,WAS,WAS to BRK,F,6-9,220,22,0,Iowa,Sr,United States,2015,,7.4,1.8,1.6,0.9,0.0
465,465,50,Marcus Eriksson,ATL,,GF,6-7,178,21,0,BAXI Manresa (Spain),1993 DOB,Sweden,2015,,,,,,
466,466,51,Tyler Harvey,ORL,"ORL to MEM
MEM to CHA",G,6-4,185,21,0,Eastern Washington,Jr *,United States,2015,,18.6,3.5,2.3,1.0,0.2
467,467,52,Satnam Singh,DAL,DAL to MEM,C,7-2,290,19,0, ,1995 DOB *,India,2015,,,,,,
468,468,53,Dom Pointer,CLE,,SF,6-5,200,23,1,St. John's,Sr,United States,2015,,,,,,
469,469,54,Daniel Diez,UTH,UTH to POR,SF,6-8,216,22,0,Acunsa GBC (Spain),1993 DOB,Spain,2015,,,,,,
470,470,55,Cady Lalanne,SAN,SAN to GOS,FC,6-9,242,23,0,Massachusetts,Sr,Haiti,2015,,10.0,7.9,0.2,0.4,1.8
471,471,56,Branden Dawson,NOP,NOP to LAC,F,6-6,230,22,1,Michigan State,Sr,United States,2015,,10.1,6.9,1.4,1.3,1.1
472,472,57,Nikola Radicevic,DEN,DEN to DET,PG,6-5,200,21,0,Coosur Real Betis (Spain),1994 DOB *,Serbia,2015,,,,,,
473,473,58,JP Tokoto,PHL,,GF,6-6,200,21,0,North Carolina,Jr *,United States / Cameroon,2015,,6.7,4.4,2.7,1.2,0.3
474,474,59,Dimitrios Agravanis,ATL,"ATL to CLE
CLE to SAC",F,6-10,210,20,0,Olympiacos (Greece),1994 DOB *,Greece,2015,,,,,,
475,475,60,Luka Mitrovic,PHL,PHL to SAC,PF,6-8,200,22,0,KK Crvena Zvezda (Serbia),1993 DOB,Serbia,2015,,,,,,
476,476,31,Deyonta Davis,BOS,BOS to MEM,PF,6-9,237,19,3,Michigan State,Fr *,United States,2016,,7.5,5.5,0.7,0.3,1.8
477,477,32,Ivica Zubac,LAL,,C,7-1,240,19,5,KK Mega Bemax (Serbia),1997 DOB *,Bosnia and Herzegovina / Croatia,2016,,,,,,
478,478,33,Cheick Diallo,LAC,LAC to NOP,PF,6-8,219,19,4,Kansas,Fr *,Mali,2016,,3.0,2.5,0.0,0.3,0.9
479,479,34,Tyler Ulis,PHX,,PG,5-10,149,20,3,Kentucky,So *,United States,2016,,11.3,2.4,5.3,1.2,0.1
480,480,35,Rade Zagorac,BOS,BOS to MEM,SF,6-9,205,20,0,KK Mega Bemax (Serbia),1995 DOB *,Serbia,2016,,,,,,
481,481,36,Malcolm Brogdon,MIL,,SG,6-5,229,23,5,Virginia,Sr,United States,2016,,13.3,4.1,2.5,0.9,0.2
482,482,37,Chinanu Onuaku,HOU,,C,6-9,250,19,2,Louisville,So *,United States,2016,,6.2,6.4,1.1,0.8,1.6
483,483,38,Patrick McCaw,MIL,MIL to GOS,G,6-7,185,20,5,UNLV,So *,United States,2016,,12.2,4.2,3.3,2.0,0.4
484,484,39,David Michineau,NOP,NOP to LAC,PG,6-4,180,22,0,Chalon-Sur-Saone (France),1994 DOB,France,2016,,,,,,
485,485,40,Diamond Stone,NOP,NOP to LAC,C,6-11,255,19,1,Maryland,Fr *,United States,2016,,12.5,5.4,0.4,0.5,1.6
486,486,41,Stephen Zimmerman,ORL,,C,6-11,240,19,1,UNLV,Fr *,United States,2016,,,,,,
487,487,42,Isaiah Whitehead,UTH,UTH to BRK,SG,6-4,213,21,3,Seton Hall,So *,United States,2016,,15.8,3.7,4.5,1.3,1.1
488,488,43,Zhou Qi,HOU,,C,7-1,210,20,2,Xinjiang Guanghui (China),1996 DOB *,China,2016,,,,,,
489,489,44,Isaia Cordinier,ATL,ATL to BRK,G,6-5,197,19,0,Denain ASC Voltaire (France),1996 DOB *,France,2016,,,,,,
490,490,45,Demetrius Jackson,BOS,,G,6-1,200,21,3,Notre Dame,Jr *,United States,2016,,13.4,2.8,3.3,1.1,0.1
491,491,46,AJ Hammons,DAL,,C,7-0,250,23,2,Purdue,Sr,United States,2016,,12.1,7.0,0.8,0.4,2.6
492,492,47,Jake Layman,ORL,ORL to POR,SF,6-8,209,22,5,Maryland,Sr,United States,2016,,10.2,4.8,1.1,0.9,0.8
493,493,48,Paul Zipser,CHI,,F,6-8,226,22,2,FC Bayern Munich U18 (Germany),1994 DOB,Germany,2016,,,,,,
494,494,49,Michael Patrick Gbinije,DET,,SF,6-6,200,24,1,Syracuse,Sr,United States / Nigeria,2016,,,,,,
495,495,50,Georges Niang,IND,,F,6-8,230,23,5,Iowa State,Sr,United States,2016,,16.1,5.2,3.1,0.7,0.5
496,496,51,Ben Bentil,BOS,,F,6-9,235,21,1,Providence,So *,Ghana / United States,2016,,13.8,6.3,0.9,0.6,0.7
497,497,52,Joel Bolomboy,UTH,,FC,6-9,235,22,2,Weber State,Sr,United States / Russia,2016,,11.4,10.1,0.7,0.6,1.4
498,498,53,Petr Cornelie,DEN,,C,6-11,220,20,0,Le Mans Sarthe Basket (France),1995 DOB *,France,2016,,,,,,
499,499,54,Kay Felder,ATL,ATL to CLE,PG,5-9,176,21,2,Oakland,Jr *,United States,2016,,,,,,
500,500,55,Marcus Paige,BRK,BRK to UTH,G,6-0,164,22,1,North Carolina,Sr,United States,2016,,13.1,2.8,4.3,1.4,0.2
501,501,56,Daniel Hamilton,DEN,DEN to OKC,SG,6-7,195,20,2,Connecticut,So *,United States,2016,,11.7,8.3,4.2,1.0,0.4
502,502,57,Zhelin Wang,MEM,,C,7-0,251,22,0,Fujian (China),1994 DOB,China,2016,,,,,,
503,503,58,Abdel Nader,BOS,,SF,6-6,225,22,4,Iowa State,Sr,United States / Egypt,2016,,10.3,4.3,1.1,0.8,0.6
504,504,59,Isaiah Cousins,SAC,,G,6-4,191,22,0,Oklahoma,Sr,United States,2016,,9.7,3.9,2.7,1.1,0.3
505,505,60,Tyrone Wallace,UTH,,G,6-5,198,22,3,California,Sr,United States,2016,,12.6,5.2,3.4,1.1,0.4
506,506,31,Frank Jackson,CHA,CHA to NOP,SG,6-3,205,19,4,Duke,Fr *,United States,2017,,5.0,4.3,0.3,0.2,1.0
507,507,32,Davon Reed,PHX,,SF,6-5,206,22,2,Miami (FL),Sr,United States,2017,,10.3,3.6,1.6,0.9,0.4
508,508,33,Wesley Iwundu,ORL,,F,6-7,195,22,4,Kansas State,Sr,United States,2017,,9.5,4.7,2.8,0.9,0.4
509,509,34,Frank Mason,SAC,,G,5-11,190,23,4,Kansas,Sr,United States,2017,,13.0,3.4,4.0,1.1,0.1
510,510,35,Ivan Rabb,ORL,ORL to MEM,PF,6-10,220,20,3,California,So *,United States,2017,,13.2,9.4,1.2,0.6,1.1
511,511,36,Jonah Bolden,PHL,,SF,6-10,220,21,2,FMP Beograd (Serbia),1996 DOB,Australia,2017,,4.6,4.8,1.1,0.7,0.9
512,512,37,Semi Ojeleye,BOS,,SF,6-6,240,22,4,Southern Methodist,Jr *,United States,2017,,12.3,4.6,1.0,0.4,0.3
513,513,38,Jordan Bell,CHI,CHI to GOS,PF,6-8,224,22,4,Oregon,Jr *,United States,2017,,7.8,6.8,1.5,1.1,2.2
514,514,39,Jawun Evans,PHL,PHL to LAC,PG,6-0,190,20,2,Oklahoma State,So *,United States,2017,,16.6,3.8,5.8,1.5,0.1
515,515,40,Dwayne Bacon,NOP,NOP to CHA,SF,6-6,221,21,4,Florida State,So *,United States,2017,,16.5,5.0,1.6,1.0,0.1
516,516,41,Tyler Dorsey,ATL,,SG,6-5,183,21,2,Oregon,So *,United States / Greece,2017,,14.1,3.9,1.8,0.8,0.1
517,517,42,Thomas Bryant,UTH,UTH to LAL,C,6-10,248,19,4,Indiana,So *,United States,2017,,12.2,6.2,1.2,0.6,1.2
518,518,43,Isaiah Hartenstein,HOU,,PF,7-0,249,19,3,Zalgiris (Lithuania),1998 DOB *,United States / Germany,2017,,,,,,
519,519,44,Damyean Dotson,NYK,,SG,6-5,205,23,4,Houston,Sr,United States,2017,,12.9,5.0,1.1,0.8,0.2
520,520,45,Dillon Brooks,HOU,HOU to MEM,F,6-6,220,21,4,Oregon,Jr *,Canada,2017,,14.8,4.5,2.6,0.9,0.5
521,521,46,Sterling Brown,PHL,PHL to MIL,G,6-5,219,22,4,Southern Methodist,Sr,United States,2017,,1.7,0.8,0.4,0.1,0.0
522,522,47,Ike Anigbogu,IND,,C,6-9,252,18,2,UCLA,Fr *,United States,2017,,4.7,4.0,0.2,0.2,1.2
523,523,48,Sindarius Thornwell,MIL,MIL to LAC,SG,6-4,215,22,3,South Carolina,Sr,United States,2017,,14.7,5.2,3.0,1.5,0.6
524,524,49,Vlatko Cancar,DEN,,SF,6-8,236,20,2,KK Mega Bemax (Serbia),1997 DOB *,Slovenia,2017,,,,,,
525,525,50,Mathias Lessort,PHL,"PHL to LAC
LAC to MIN
MIN to NYK",F,6-9,250,21,0,JSF Nanterre (France),1995 DOB,France,2017,,,,,,
526,526,51,Monte Morris,DEN,,G,6-2,183,21,4,Iowa State,Sr,United States / Nigeria,2017,,12.2,3.7,5.5,1.6,0.3
527,527,52,Edmond Sumner,NOP,NOP to IND,G,6-6,176,21,4,Xavier,So *,United States,2017,,11.4,3.5,3.8,1.2,0.4
528,528,53,Kadeem Allen,BOS,,G,6-3,200,24,3,Arizona,Sr,United States,2017,,9.1,3.6,3.3,1.3,0.7
529,529,54,Alec Peters,PHX,,F,6-9,225,22,1,Valparaiso,Sr,United States,2017,,17.5,7.4,1.5,0.8,0.3
530,530,55,Nigel Williams-Goss,UTH,,SG,6-3,190,22,1,Gonzaga,Jr *,United States,2017,,15.4,5.1,5.0,1.3,0.1
531,531,56,Jabari Bird,BOS,,SG,6-6,198,22,2,California,Sr,United States,2017,,10.8,3.3,1.2,0.5,0.3
532,532,57,Aleksandar Vezenkov,BRK,BRK to CLE,PF,6-9,225,21,0,FC Barcelona II (Spain),1995 DOB,Cyprus / Bulgaria,2017,,,,,,
533,533,58,Ognjen Jaramaz,NYK,,SG,6-4,181,21,0,KK Mega Bemax (Serbia),1995 DOB,Serbia,2017,,,,,,
534,534,59,Jaron Blossomgame,SAN,,F,6-8,220,23,1,Clemson,Sr,United States,2017,,13.5,6.5,1.1,0.6,0.7
535,535,60,Alpha Kaba,ATL,,PF,6-10,242,21,0,KK Mega Bemax (Serbia),1996 DOB *,France,2017,,,,,,
536,536,31,Elie Okobo,PHX,,PG,6-3,190,20,2,Pau-Orthez (France),1997 DOB *,France,2018,,,,,,
537,537,32,Jevon Carter,MEM,,PG,6-2,200,22,3,West Virginia,Sr,United States,2018,,12.2,3.7,3.9,2.3,0.2
538,538,33,Jalen Brunson,DAL,,PG,6-1,190,21,3,Villanova,Jr *,United States,2018,,14.4,2.5,3.7,0.8,0.0
539,539,34,Devonte Graham,ATL,ATL to CHA,PG,6-2,185,23,3,Kansas,Sr,United States,2018,,12.3,3.1,4.5,1.4,0.1
540,540,35,"Melvin Frazier, Jr",ORL,,SF,6-6,200,21,2,Tulane,Jr *,United States,2018,,,,,,
541,541,36,Mitchell Robinson,NYK,,C,7-1,240,20,3, ,*,United States,2018,,,,,,
542,542,37,"Gary Trent, Jr",SAC,SAC to POR,SG,6-6,205,19,3,Duke,Fr *,United States,2018,,,,,,
543,543,38,Khyri Thomas,PHL,PHL to DET,SG,6-3,210,22,3,Creighton,Jr *,United States,2018,,11.2,4.6,2.5,1.4,0.3
544,544,39,Isaac Bonga,PHL,PHL to LAL,SG,6-8,180,18,3,Fraport Skyliners (Germany),1999 DOB *,Germany,2018,,,,,,
545,545,40,Rodions Kurucs,BRK,,SF,6-9,228,20,3,Barca (Spain),1998 DOB *,Latvia,2018,,,,,,
546,546,41,Jarred Vanderbilt,ORL,ORL to DEN,PF,6-9,214,19,3,Kentucky,Fr *,United States,2018,,5.9,7.9,1.0,0.4,0.8
547,547,42,"Bruce Brown, Jr",DET,,SG,6-4,202,21,3,Miami (FL),So *,United States,2018,,,,,,
548,548,43,Justin Jackson,DEN,DEN to ORL,SF,6-7,225,21,0,Maryland,So *,Canada,2018,,0.0,0.5,0.0,0.0,0.0
549,549,44,Yusuf Sanon,WAS,"WAS to NYK
NYK to HOU",SG,6-4,185,18,0,Union Olimpija (Slovenia),1999 DOB *,Ukraine,2018,,,,,,
550,550,45,Hamidou Diallo,BRK,"BRK to CHA
CHA to OKC",SG,6-5,202,19,3,Kentucky,Fr *,United States / Guinea,2018,,10.0,3.6,1.2,0.8,0.4
551,551,46,DeAnthony Melton,HOU,HOU to PHX,SG,6-3,200,20,3,USC,So *,United States,2018,,8.3,4.7,3.5,1.9,1.0
552,552,47,Svi Mykhailiuk,LAL,,SF,6-8,205,21,3,Kansas,Sr,Ukraine,2018,,,,,,
553,553,48,Keita Bates-Diop,MIN,,SF,6-8,230,22,3,Ohio State,Jr *,United States,2018,,11.7,5.7,1.1,0.6,1.2
554,554,49,Chimezie Metu,SAN,,PF,6-10,225,21,3,USC,Jr *,United States / Nigeria,2018,,12.3,6.3,1.2,0.7,1.6
555,555,50,Alize Johnson,IND,,SF,6-7,212,22,3,Missouri State,Sr,United States,2018,,14.9,11.1,2.4,0.5,0.3
556,556,51,Tony Carr,NOP,,PG,6-5,200,20,0,Penn State,So *,United States,2018,,16.6,4.9,4.6,0.7,0.3
557,557,52,Vince Edwards,UTH,UTH to HOU,SF,6-8,225,22,1,Purdue,Sr,United States,2018,,5.1,1.7,1.4,0.4,0.1
558,558,53,Devon Hall,OKC,,SG,6-5,215,22,1,Virginia,Sr,United States,2018,,6.9,3.2,2.1,0.6,0.2
559,559,54,Shake Milton,DAL,DAL to PHL,SG,6-6,207,21,3,Southern Methodist,Jr *,United States,2018,,,,,,
560,560,55,Arnoldas Kulboka,CHA,,SF,6-10,209,20,0,Orlandina Basket (Italy),1998 DOB *,Lithuania,2018,,,,,,
561,561,56,Raymond Spalding,PHL,PHL to DAL,PF,6-10,215,21,3,Louisville,Jr *,United States,2018,,8.1,6.3,0.9,1.0,1.1
562,562,57,Kevin Hervey,OKC,,PF,6-9,230,21,1,Texas-Arlington,Sr,United States,2018,,15.5,8.0,1.9,1.0,0.5
563,563,58,Thomas Welsh,DEN,,C,7-0,255,22,1,UCLA,Sr,United States,2018,,9.5,7.8,0.8,0.4,1.1
564,564,59,George King,PHX,,SF,6-6,220,24,1,Colorado,Sr,United States,2018,,10.2,5.4,0.7,0.4,0.3
565,565,60,Kostas Antetokounmpo,PHL,PHL to DAL,PF,6-10,200,20,3,Dayton,Fr *,Greece / United States,2018,,5.2,2.9,0.4,0.2,1.1
566,566,31,Nicolas Claxton,BRK,,C,6-11,215,20,2,Georgia,So *,United States / U.S. Virgin Islands,2019,,8.4,6.2,1.0,0.6,1.9
567,567,32,KZ Okpala,PHX,PHX to MIA,SG,6-8,215,20,2,Stanford,So *,United States / Nigeria,2019,,,,,,
568,568,33,Carsen Edwards,PHL,PHL to BOS,PG,5-11,200,21,2,Purdue,Jr *,United States,2019,,17.8,3.4,2.5,1.2,0.2
569,569,34,Bruno Fernando,PHL,PHL to ATL,C,6-9,240,20,2,Maryland,So *,Angola,2019,,12.0,8.7,1.4,0.5,1.6
570,570,35,Didi Louzada,ATL,ATL to NOP,SF,6-5,210,19,1,Franca (Brazil),1999 DOB *,Brazil,2019,,,,,,
571,571,36,Cody Martin,CHA,,F,6-7,205,23,2,Nevada,Sr,United States,2019,,9.7,4.6,3.6,1.3,0.8
572,572,37,Deividas Sirvydis,DAL,DAL to DET,GF,6-8,190,19,1,Lietuvos Rytas U18 (Lithuania),2000 DOB *,Lithuania,2019,,,,,,
573,573,38,Daniel Gafford,CHI,,C,6-11,233,20,2,Arkansas,So *,United States,2019,,14.3,7.4,0.7,0.7,2.1
574,574,39,Alen Smailagic,NOP,NOP to GOS,PF,6-10,215,18,2,Santa Cruz Warriors,2000 DOB,Serbia,2019,,,,,,
575,575,40,Justin James,SAC,,SG,6-7,190,22,2,Wyoming,Sr,United States,2019,,4.8,2.9,0.6,0.8,0.5
576,576,41,Eric Paschall,GOS,,F,6-6,264,22,2,Villanova,Sr,United States,2019,,12.3,5.1,1.5,0.7,0.5
577,577,42,Admiral Schofield,PHL,PHL to WAS,SF,6-5,241,22,1,Tennessee,Sr,United States,2019,,11.9,5.3,1.3,0.7,0.4
578,578,43,Jaylen Nowell,MIN,,SG,6-4,202,19,2,Washington,So *,United States,2019,,16.1,4.6,2.9,1.2,0.3
579,579,44,Bol Bol,MIA,MIA to DEN,C,7-2,209,19,2,Oregon,Fr *,United States,2019,,21.0,9.6,1.0,0.8,2.7
580,580,45,Isaiah Roby,DET,DET to DAL,SF,6-8,230,21,2,Nebraska,Jr *,United States,2019,,8.1,5.5,1.5,0.8,1.6
581,581,46,Talen Horton-Tucker,ORL,ORL to LAL,SF,6-4,233,18,2,Iowa State,Fr *,United States,2019,,11.8,4.9,2.3,1.3,0.7
582,582,47,Ignas Brazdeikis,SAC,SAC to NYK,SF,6-6,221,20,2,Michigan,Fr *,Lithuania / Canada,2019,,14.8,5.4,0.8,0.7,0.5
583,583,48,Terance Mann,LAC,,SG,6-7,215,22,2,Florida State,Sr,United States,2019,,9.4,5.1,1.9,0.8,0.2
584,584,49,Quinndary Weatherspoon,SAN,,SG,6-3,205,22,2,Mississippi State,Sr,United States,2019,,15.4,5.2,2.4,1.5,0.4
585,585,50,Jarrell Brantley,IND,IND to UTH,SF,6-7,238,23,2,Charleston,Sr,United States,2019,,15.6,7.9,1.7,1.2,0.7
586,586,51,Tremont Waters,BOS,,PG,5-10,175,21,2,LSU,So *,United States,2019,,15.6,3.1,5.9,2.5,0.1
587,587,52,Jalen McDaniels,CHA,,PF,6-10,205,21,2,San Diego State,So *,United States,2019,,13.2,7.9,1.5,1.0,0.5
588,588,53,Justin Wright-Foreman,UTH,,SG,6-2,190,21,1,Hofstra,Sr,United States,2019,,18.6,2.9,2.1,0.7,0.2
589,589,54,Marial Shayok,PHL,,G,6-5,196,23,1,Iowa State,Sr,Canada,2019,,8.9,2.7,1.3,0.7,0.2
590,590,55,Kyle Guy,NYK,NYK to SAC,SG,6-1,170,21,2,Virginia,Jr *,United States,2019,,12.5,3.0,1.6,0.7,0.0
591,591,56,Jaylen Hands,LAC,"LAC to BRK
BRK to DET",G,6-3,180,20,0,UCLA,So *,United States,2019,,12.1,3.8,4.4,1.2,0.2
592,592,57,Jordan Bone,NOP,"NOP to ATL
ATL to PHL
PHL to DET",SG,6-3,185,21,2,Tennessee,Jr *,United States,2019,,9.7,2.4,4.3,0.7,0.1
593,593,58,Miye Oni,GOS,GOS to UTH,SF,6-5,206,21,2,Yale,Jr *,United States / Nigeria,2019,,15.0,6.2,3.3,0.9,1.0
594,594,59,Dewan Hernandez,TOR,,FC,6-10,235,22,1,Miami (FL),Jr *,United States,2019,,,,,,
595,595,60,Vanja Marinkovic,SAC,,G,6-6,194,22,0,KK Partizan (Serbia),1997 DOB,Serbia,2019,,,,,,
596,596,31,Tyrell Terry,DAL,,PG,6-2,170,20,1,Stanford,Fr *,United States,2020,,14.6,4.5,3.2,1.4,0.1
597,597,32,"Vernon Carey, Jr",CHA,,PF,6-10,255,19,1,Duke,Fr *,United States,2020,,,,,,
598,598,33,Daniel Oturu,MIN,MIN to LAC,FC,6-8,240,21,1,Minnesota,So *,United States,2020,,15.2,9.0,0.8,0.5,1.8
599,599,34,Theo Maledon,PHL,PHL to OKC,PG,6-5,180,19,1,ASVEL Basket (France),2001 DOB *,France,2020,,,,,,
600,600,35,"Xavier Tillman, Sr",SAC,SAC to MEM,PF,6-8,245,21,1,Michigan State,Jr *,United States,2020,,,,,,
601,601,36,Tyler Bey,PHL,PHL to DAL,PF,6-7,215,22,1,Colorado,Jr *,United States,2020,,11.2,8.1,0.9,1.0,1.0
602,602,37,Vit Krejci,WAS,WAS to OKC,PG,6-8,195,20,0,Zaragoza U18 (Spain),2000 DOB *,Czech Republic,2020,,,,,,
603,603,38,Saben Lee,UTH,UTH to DET,PG,6-2,183,21,1,Vanderbilt,Jr *,United States,2020,,13.9,3.3,3.7,1.3,0.2
604,604,39,Elijah Hughes,NOP,NOP to UTH,SF,6-6,226,22,1,Syracuse,Jr *,United States,2020,,13.9,4.0,2.1,1.0,0.7
605,605,40,Robert Woodard II,MEM,MEM to SAC,G,6-7,235,21,1,Mississippi State,So *,United States,2020,,,,,,
606,606,41,Tre Jones,SAN,,PG,6-1,185,20,1,Duke,So *,United States,2020,,12.4,4.0,5.8,1.8,0.2
607,607,42,Nick Richards,NOP,NOP to CHA,C,6-11,245,22,1,Kentucky,Jr *,Jamaica,2020,,,,,,
608,608,43,Jahmius Ramsey,SAC,,PG,6-3,195,19,1,Texas Tech,Fr *,United States,2020,,15.0,4.0,2.2,1.3,0.7
609,609,44,Marko Simonovic,CHI,,C,6-11,220,21,0,KK Mega Bemax (Serbia),1999 DOB *,Montenegro,2020,,,,,,
610,610,45,Jordan Nwora,MIL,,F,6-8,226,22,1,Louisville,Jr *,United States / Nigeria,2020,,13.9,6.0,1.0,0.8,0.2
611,611,46,CJ Elleby,POR,,SF,6-6,185,20,1,Washington State,So *,United States,2020,,16.6,7.5,2.4,1.4,0.7
612,612,47,Yam Madar,BOS,,G,6-3,180,19,0,Hapoel Tel Aviv (Israel),2000 DOB *,Israel,2020,,,,,,
613,613,48,Nico Mannion,GOS,,PG,6-3,190,19,1,Arizona,Fr *,Italy / United States,2020,,14.0,2.5,5.3,1.2,0.0
614,614,49,Isaiah Joe,PHL,,SG,6-4,167,21,1,Arkansas,So *,United States,2020,,15.2,3.4,1.7,1.5,0.2
615,615,50,Skylar Mays,ATL,,PG,6-4,205,23,1,LSU,Sr,United States,2020,,12.4,3.6,2.9,1.6,0.2
616,616,51,Justinian Jessup,GOS,,SF,6-6,202,22,0,Boise State,Sr,United States,2020,,12.3,4.1,2.0,1.2,0.5
617,617,52,KJ Martin,SAC,SAC to HOU,F,6-7,215,19,1,IMG Academy (Florida),2001 DOB *,United States,2020,,,,,,
618,618,53,Cassius Winston,OKC,OKC to WAS,PG,6-1,185,22,1,Michigan State,Sr,United States,2020,,14.2,2.7,6.4,0.9,0.1
619,619,54,Cassius Stanley,IND,,G,6-6,193,21,1,Duke,Fr *,United States,2020,,12.6,4.9,1.0,0.7,0.7
620,620,55,Jayden Scrubb,BRK,BRK to LAC,SG,6-5,220,20,1,John A. Logan,So *,United States,2020,,,,,,
621,621,56,Grant Riller,CHA,,SG,6-3,190,23,1,Charleston,Sr,United States,2020,,18.7,3.3,2.8,1.3,0.3
622,622,57,Reggie Perry,LAC,LAC to BRK,F,6-8,250,20,1,Mississippi State,So *,United States,2020,,,,,,
623,623,58,"Paul Reed, Jr",PHL,,F,6-8,218,21,1,DePaul,Jr *,United States,2020,,,,,,
624,624,59,Jalen Harris,TOR,,SG,6-5,195,22,1,Nevada,Jr *,United States,2020,,1.7,0.5,1.2,0.5,0.0
625,625,60,Sam Merrill,NOP,NOP to MIL,G,6-5,205,24,1,Utah State,Sr,United States,2020,,16.8,3.6,3.6,1.0,0.2
