,Year,Player,Pos,HT,WT,Birth Date,Pre-Draft Team,Class,Draft Status,YOS
1,2017,Shaqquan Aaron,GF,6-7,200,"Jul 21, 1995",USC,So,2019 NBA Draft,0
2,2006,Akbar Abdul-Ahad,PG,6-0,175,N/A,Idaho State,Jr,2007 NBA Draft,0
3,2005,Mahmoud Abdul-Awwel,SG,6-4,205,"Jan 10, 1984",Arizona,Jr,2006 NBA Draft,0
4,2021,Max Abmas,GF,6-1,165,"Apr 2, 2001",Oral Roberts,So,N/A,0
5,2008,A.J. Abrams,PG,5-11,160,"Oct 16, 1986",Texas,Jr,2009 NBA Draft,0
6,2016,Abdul-Malik Abu,PF,6-8,240,"Sep 16, 1995",NC State,So,2018 NBA Draft,0
7,2019,Milan Acquaah,PG,6-3,195,"Dec 22, 1997",California Baptist,So,2020 NBA Draft,0
8,2017,Jaylen Adams,PG,6-0,225,"May 4, 1996",St. Bonaventure,Jr,2018 NBA Draft,2
9,2020,Jordyn Adams,PG,6-3,200,"Jun 9, 2000",Lamar,Fr,N/A,0
10,1996,Sunday Adebayo,,6-6,220,"Sep 12, 1973",Arkansas,Jr,1998 NBA Draft,0
11,2017,Deng Adel,SF,6-7,196,"Feb 1, 1997",Louisville,So,2018 NBA Draft,1
12,2020,Abdul Ado,C,6-11,255,"Oct 1, 1997",Cincinnati,Jr,N/A,0
13,2006,Arron Afflalo,SG,6-5,210,"Oct 15, 1985",UCLA,So,2007 Rnd 1,11
14,2021,Ochai Agbaji,SF,6-5,215,"Apr 20, 2000",Kansas,Jr,N/A,0
15,2021,Josiah Agnew,PG,6-1,175,N/A,Denmark Technical College,Fr,N/A,0
16,2017,Jashaun Agosto,PG,6-0,165,"Jan 16, 1997",Long Island,Fr,2020 NBA Draft,0
17,2018,Esa Ahmad,SF,6-8,230,"Oct 9, 1996",West Virginia,Jr,2019 NBA Draft,0
18,2017,Bashir Ahmed,SF,6-7,210,"Aug 17, 1993",St. John's,Jr,2018 NBA Draft,0
19,2019,Bryce Aiken,PG,6-0,180,"Dec 14, 1996",Seton Hall,Jr,N/A,0
20,2021,Fardaws Aimaq,C,6-11,245,"Jan 6, 1999",Utah Valley,RS-Fr,N/A,0
21,2008,Josh Akognon,PG,5-11,175,"Feb 10, 1986",Cal State Fullerton,Jr,2009 NBA Draft,1
22,2021,Warith Alatishe,SF,6-8,190,"Jan 22, 2000",Oregon State,Jr,N/A,0
23,2017,Rawle Alkins,SG,6-5,225,"Oct 29, 1997",Arizona,Fr,2018 NBA Draft,1
24,2010,Lavoy Allen,PF/C,6-9,260,"Feb 4, 1989",Temple,Jr,2011 Rnd 2,6
25,2020,Timmy Allen,SF,6-6,204,"Jan 9, 2000",Utah,So,N/A,0
26,2006,Morris Almond,SG,6-6,220,"Feb 2, 1985",Rice,Jr,2007 Rnd 1,3
27,2020,"Derrick Alston, Jr.",SG,6-9,190,"Sep 17, 1997",Boise State,Jr,2021 NBA Draft,0
28,2017,Mark Alstork,SG,6-5,190,"Feb 27, 1995",Illinois,Jr,2018 NBA Draft,0
29,2021,Keve Aluma,PF,6-9,235,"Dec 31, 1998",Virginia Tech,Jr,N/A,0
30,2019,Wajid Aminu,SF,6-7,197,"Sep 1, 1998",North Florida,Jr,2020 NBA Draft,0
31,2014,Mychal Ammons,GF,6-6,225,"Jan 2, 1992",South Alabama,Jr,2015 NBA Draft,0
32,2008,Antonio Anderson,SG,6-6,215,"Jun 5, 1985",Memphis,Jr,2009 NBA Draft,1
33,2009,Jake Anderson,PG,6-2,200,"Apr 8, 1987",Iowa State,So,2011 NBA Draft,0
34,2010,Kevin Anderson,PG,6-0,170,"Dec 21, 1988",Richmond,Jr,2011 NBA Draft,0
35,2009,Ryan Anderson,SG,6-4,205,"Dec 19, 1987",Nebraska,Jr,2010 NBA Draft,0
36,2016,BeeJay Anya,C,6-9,344,"Mar 9, 1995",NC State,Jr,2017 NBA Draft,0
37,1999,Harold Arceneaux,,6-6,215,"Apr 1, 1977",Weber State,Jr,2000 NBA Draft,0
38,2009,Dominique Archie,SF,6-7,205,"Aug 19, 1987",South Carolina,Jr,2010 NBA Draft,0
39,2011,Olu Ashaolu,GF,6-6,220,"Apr 18, 1988",Oregon,Jr,2012 NBA Draft,0
40,2021,Eric Ayala,SG,6-5,200,"Jan 2, 1999",Maryland,Jr,N/A,0
41,2020,Joel Ayayi,SG,6-5,180,"Mar 5, 2000",Gonzaga,So,2021 NBA Draft,0
42,2018,Udoka Azubuike,C,7-0,260,"Sep 17, 1999",Kansas,So,2020 Rnd 1,1
43,2021,Armando Bacot,PF,6-10,240,"Mar 6, 2000",North Carolina,So,N/A,0
44,2021,Marcus Bagley,SF,6-8,220,"Oct 23, 2001",Arizona State,Fr,N/A,0
45,2008,Derek Bailey,SF,6-5,191,N/A,Wabash College,Sr,2012 NBA Draft,0
46,2021,Geo Baker,SG,6-4,195,"Jul 21, 1998",Rutgers,Sr,N/A,0
47,2016,Ian Baker,PG,6-0,190,"Feb 9, 1993",New Mexico State,Jr,2017 NBA Draft,0
48,2019,Desmond Bane,SG,6-6,215,"Jun 25, 1998",Texas Christian,Jr,2020 Rnd 1,1
49,2005,J.J. Barea,PG,5-10,180,"Jun 26, 1984",Northeastern,Jr,2006 NBA Draft,14
50,2018,Sedrick Barefield,PG,6-2,190,"Nov 18, 1996",Utah,Jr,2019 NBA Draft,0
51,2017,Jaylen Barford,SG,6-2,207,"Jan 23, 1996",Arkansas,Jr,2018 NBA Draft,0
52,2004,Brandon Bass,PF,6-8,250,"Apr 30, 1985",LSU,Fr,2005 Rnd 2,12
53,2019,Charles Bassey,PF,6-11,235,"Oct 28, 2000",Western Kentucky,Fr,2021 Rnd 2,0
54,2010,Talor Battle,PG,6-0,170,"Sep 16, 1988",Penn State,Jr,2011 NBA Draft,0
55,2018,Tyus Battle,SG,6-6,205,"Sep 23, 1997",Syracuse,So,2019 NBA Draft,0
56,2019,"Troy Baxter, Jr.",SF,6-9,200,"Mar 5, 1996",Morgan State,So,2021 NBA Draft,0
57,2016,V.J. Beachem,SF,6-8,205,"Jan 15, 1995",Notre Dame,Jr,2017 NBA Draft,0
58,2021,Justin Bean,SF,6-7,210,"Jan 1, 1999",Utah State,Jr,N/A,0
59,2018,Lamonte Bearden,PG,6-3,170,"Oct 30, 1995",Western Kentucky,Jr,2019 NBA Draft,0
60,2011,Keion Bell,SG,6-4,200,"Jan 4, 1990",Missouri,Jr,2013 NBA Draft,0
61,2017,Trae Bell-Haynes,PG,6-2,180,"Sep 5, 1995",Vermont,Jr,2018 NBA Draft,0
62,2002,Brandon Bender,FC,6-9,240,"Nov 5, 1982",Robert Morris,Fr,2004 NBA Draft,0
63,2008,Jason Bennett,C,7-3,265,N/A,Detroit-Mercy,So,2010 NBA Draft,0
64,2010,Keith Benson,C,6-11,240,"Aug 13, 1988",Oakland,Jr,2011 Rnd 2,1
65,2017,Joel Berry,PG,6-0,195,"Apr 1, 1995",North Carolina,Jr,2018 NBA Draft,0
66,2016,"James Blackmon, Jr.",SG,6-4,200,"Apr 25, 1995",Indiana,So,2017 NBA Draft,0
67,2019,"Kerry Blackshear, Jr.",PF,6-10,250,"Jan 28, 1997",Florida,Jr,2020 NBA Draft,0
68,2006,Larry Blair,PG,6-0,185,"Jul 26, 1984",Liberty,Jr,2007 NBA Draft,0
69,2016,Antonio Blakeney,SG,6-4,197,"Oct 4, 1996",LSU,Fr,2017 NBA Draft,2
70,2011,Jacob Blankenship,PF,6-10,255,"Mar 15, 1989",Southeastern (FL),Sr,2011 NBA Draft,0
71,2004,Odartey Blankson,SF,6-7,220,"Mar 12, 1985",UNLV,Jr,2005 NBA Draft,0
72,2019,Phil Bledsoe,PF,6-6,215,N/A,Glenville State,Jr,2020 NBA Draft,0
73,2016,Jaron Blossomgame,PF,6-8,220,"Sep 16, 1993",Clemson,Jr,2017 Rnd 2,1
74,2017,Trevon Bluiett,SG,6-6,198,"Nov 4, 1994",Xavier,Jr,2018 NBA Draft,1
75,2016,Trevon Bluiett,SG,6-6,198,"Nov 4, 1994",Xavier,So,2018 NBA Draft,1
76,2006,Jahsha Bluntt,SG,6-6,220,"Jun 16, 1984",Delaware State,Jr,2007 NBA Draft,0
77,2017,Bennie Boatwright,PF,6-10,235,"Jul 13, 1996",USC,So,2019 NBA Draft,0
78,2001,Keith Bogans,SG/SF,6-5,215,"May 12, 1980",Kentucky,So,2003 Rnd 2,11
79,2010,Anatoly Bose,GF,6-6,200,"Dec 6, 1988",Nicholls State,Jr,2011 NBA Draft,0
80,2010,Dee Bost,PG/SG,6-2,176,"Oct 12, 1989",Mississippi State,So,2012 NBA Draft,0
81,2018,Brian Bowen II,SF,6-7,199,"Oct 2, 1998",Sydney (Australia),1998 DOB,2019 NBA Draft,2
82,2011,Laurence Bowers,PF,6-8,223,"Apr 19, 1990",Missouri,Jr,2013 NBA Draft,0
83,2005,Brandon Bowman,SG,6-9,223,"Oct 15, 1984",Georgetown,Jr,2006 NBA Draft,0
84,2018,Ky Bowman,SG,6-1,188,"Jun 16, 1997",Boston College,So,2019 NBA Draft,1
85,2017,Jacobi Boykins,SG,6-6,180,"Feb 11, 1995",Louisiana Tech,Jr,2018 NBA Draft,0
86,2019,Daquan Bracey,PG,5-11,175,"May 13, 1997",Louisiana Tech,Jr,2020 NBA Draft,0
87,2019,Keith Braxton,SG,6-5,208,"May 16, 1997",St. Francis (PA),Jr,2020 NBA Draft,0
88,2007,Roy Bright,SG,6-6,225,"Apr 3, 1986",Delaware State,Jr,2008 NBA Draft,0
89,2016,Amida Brimah,C,6-11,230,"Feb 11, 1994",Connecticut,Jr,2017 NBA Draft,1
90,2016,Isaiah Briscoe,PG,6-3,210,"Apr 13, 1996",Kentucky,Fr,2017 NBA Draft,1
91,2021,Izaiah Brockington,SG,6-4,200,"Jul 12, 1999",Iowa State,Jr,N/A,0
92,2004,Darren Brooks,PG,6-3,205,"Aug 28, 1982",Southern Illinois,Jr,2005 NBA Draft,0
93,2016,Dillon Brooks,SF,6-6,220,"Jan 22, 1996",Oregon,So,2017 Rnd 2,4
94,2006,Bobby Brown,PG,6-2,175,"Sep 24, 1984",Cal State Fullerton,Jr,2007 NBA Draft,4
95,2018,Bryce Brown,SG,6-3,198,"Jul 24, 1997",Auburn,Jr,2019 NBA Draft,0
96,2010,Carlon Brown,SG,6-5,216,"Oct 4, 1989",Colorado,Jr,2012 NBA Draft,0
97,2021,Dalonte Brown,SF,6-7,205,"Jul 31, 1998",Miami (OH),Sr,N/A,0
98,2005,Dee Brown,PG,6-0,185,"Aug 17, 1984",Illinois,Jr,2006 Rnd 2,2
99,2016,Elijah Brown,SG,6-4,200,"Feb 19, 1995",Oregon,So,2018 NBA Draft,0
100,2020,Jomaru Brown,PG,6-2,186,"Jun 7, 1999",Eastern Kentucky,So,N/A,0
101,2018,"Barry Brown, Jr.",SG,6-3,195,"Dec 21, 1996",Kansas State,Jr,2019 NBA Draft,0
102,2007,Aaron Bruce,PG,6-3,185,"Dec 19, 1984",Baylor,Jr,2008 NBA Draft,0
103,2021,Keyshawn Bryant,SF,6-6,187,"Sep 30, 1999",South Carolina,Jr,N/A,0
104,2008,Chase Budinger,SF,6-7,215,"May 22, 1988",Arizona,So,2009 Rnd 2,7
105,2017,Rodney Bullock,SF,6-8,225,"Jun 3, 1994",Providence,Jr,2018 NBA Draft,0
106,2020,Marcus Burk,PG,6-3,205,"Sep 27, 1998",IUPUI,Jr,2021 NBA Draft,0
107,2018,C.J. Burks,SG,6-4,185,"Dec 6, 1995",Marshall,Jr,2019 NBA Draft,0
108,2020,Jordan Burns,PG,6-0,175,"Aug 28, 1997",Colgate,Jr,2021 NBA Draft,0
109,2021,"D.J. Burns, Jr.",C,6-9,275,"Oct 13, 2000",Winthrop,So,N/A,0
110,2016,Deonte Burton,SF,6-5,240,"Jan 31, 1994",Iowa State,Jr,2017 NBA Draft,2
111,2020,Jared Butler,PG,6-3,195,"Aug 25, 2000",Baylor,So,2021 Rnd 2,0
112,2001,Rashid Byrd,C,7-1,240,"Sep 18, 1981",Eastern Oklahoma State CC,Fr,2002 NBA Draft,0
113,2021,Maurice Calloo,PF,6-10,215,"Apr 9, 2000",Oregon State,Jr,N/A,0
114,2016,Antonio Campbell,PF,6-9,265,"Dec 24, 1994",Ohio,Jr,2017 NBA Draft,0
115,2020,Manny Camper,GF,6-7,216,N/A,Siena,Jr,2021 NBA Draft,0
116,2008,Derrick Caracter,PF,6-9,276,"May 4, 1988",UTEP,So,2010 Rnd 2,2
117,2018,Jordan Caroline,SF,6-7,235,"Jan 15, 1996",Nevada,Jr,2019 NBA Draft,0
118,1997,Corry Carr,SG,6-3,212,"Dec 5, 1975",Texas Tech,Jr,1998 Rnd 2,2
119,2021,Marcus Carr,PG,6-2,195,"Jun 6, 1999",Minnesota,Jr,N/A,0
120,2020,Marcus Carr,PG,6-2,195,"Jun 6, 1999",Minnesota,So,N/A,0
121,2008,DeMarre Carroll,SF,6-8,215,"Jul 27, 1986",Missouri,Jr,2009 Rnd 1,11
122,2007,Jaycee Carroll,PG,6-2,170,"Apr 16, 1983",Utah State,Jr,2008 NBA Draft,0
123,2008,Charles Carter,,6-9,220,N/A,Oklahoma Baptist,Jr,2009 NBA Draft,0
124,2017,Jevon Carter,PG,6-2,200,"Sep 14, 1995",West Virginia,Jr,2018 Rnd 2,3
125,2008,Josh Carter,SF,6-7,195,"Nov 20, 1986",Texas A&M,Jr,2009 NBA Draft,0
126,2019,Nico Carvacho,PF,6-11,240,"Jan 24, 1997",Colorado State,Jr,2020 NBA Draft,0
127,2021,Colin Castleton,PF,6-11,231,"May 25, 2000",Florida,Jr,N/A,0
128,2021,Julian Champagnie,PF,6-8,220,"Jun 29, 2001",St. John's,So,N/A,0
129,2017,Joseph Chartouny,PG,6-3,200,"Dec 3, 1994",Marquette,So,2019 NBA Draft,0
130,2018,Haanif Cheatham,SG,6-6,195,"Sep 6, 1996",Nebraska,RS-So,2020 NBA Draft,0
131,2019,Yoeli Childs,PF,6-8,225,"Jan 13, 1998",Brigham Young,Jr,2020 NBA Draft,0
132,2018,Yoeli Childs,PF,6-8,225,"Jan 13, 1998",Brigham Young,So,2020 NBA Draft,0
133,2020,Tamenang Choh,SF,6-5,210,N/A,Brown,Jr,N/A,0
134,2021,Moussa Cisse,PF,6-10,220,"Sep 10, 2002",Memphis,Fr,N/A,0
135,2001,Sam Clancy,SF,6-7,240,"May 4, 1980",USC,Jr,2002 Rnd 2,2
136,2017,Donte Clark,GF,6-4,195,"Aug 4, 1994",Texas Southern,Jr,2018 NBA Draft,0
137,2018,Chris Clemons,PG,5-9,180,"Jul 23, 1997",Campbell,Jr,2019 NBA Draft,2
138,2017,Chris Clemons,PG,5-9,180,"Jul 23, 1997",Campbell,So,2019 NBA Draft,2
139,2016,Conor Clifford,C,7-0,260,"Dec 7, 1993",Washington State,Jr,2017 NBA Draft,0
140,2021,Kofi Cockburn,C,7-0,290,"Sep 1, 1999",Illinois,So,N/A,0
141,2020,Kofi Cockburn,C,7-0,290,"Sep 1, 1999",Illinois,Fr,N/A,0
142,2019,R.J. Cole,PG,6-1,185,"Aug 24, 1999",Connecticut,So,N/A,0
143,2007,Dan Coleman,PF,6-9,225,"Feb 13, 1985",Minnesota,Jr,2008 NBA Draft,0
144,2017,David Collette,PF,6-10,220,"May 21, 1993",Utah,Jr,2018 NBA Draft,0
145,2020,David Collins,SG,6-4,220,"May 31, 1998",Clemson,Jr,N/A,0
146,2009,Dwayne Collins,PF,6-8,241,"Apr 13, 1988",Miami (FL),Jr,2010 Rnd 2,0
147,2018,Tyler Cook,PF,6-8,245,"Sep 23, 1997",Iowa,So,2019 NBA Draft,2
148,2016,Charles Cooke,SG,6-5,195,"Jul 1, 1994",Dayton,Jr,2017 NBA Draft,2
149,2020,Zach Cooks,PG,5-11,170,"Mar 4, 1999",Hofstra,Jr,N/A,0
150,2009,Kenneth Cooper,C,6-10,260,"Dec 26, 1987",UAB,Jr,2010 NBA Draft,0
151,2016,Bakari Copeland,SG,6-6,235,"Feb 26, 1995",Maryland-Eastern Shore,Jr,2017 NBA Draft,0
152,2018,Isaac Copeland,PF,6-9,220,"Jun 13, 1995",Nebraska,Jr,2019 NBA Draft,0
153,2021,Jermaine Couisnard,SG,6-4,211,N/A,South Carolina,So,N/A,0
154,2007,P.J. Couisnard,SG,6-4,217,"Oct 17, 1984",Wichita State,Jr,2008 NBA Draft,0
155,2019,Anthony Cowan,PG,6-0,170,"Oct 7, 1997",Maryland,Jr,2020 NBA Draft,0
156,2000,Joshua Cross,SG,6-4,220,"Jul 9, 1979",Southern Illinois,Jr,2001 NBA Draft,0
157,2020,Jalen Crutcher,PG,6-2,175,"Jul 18, 1999",Dayton,Jr,2021 NBA Draft,0
158,2007,Sasha Cuic,PF,6-10,253,"Nov 3, 1983",Oregon State,Jr,2008 NBA Draft,0
159,2019,Jarron Cumberland,SG,6-5,205,"Sep 22, 1997",Cincinnati,Jr,2020 NBA Draft,0
160,2008,Lee Cummard,SG,6-7,190,"Mar 31, 1985",Brigham Young,Jr,2009 NBA Draft,0
161,2019,Tulio Da Silva,PF,6-8,213,"Jul 3, 1996",Missouri State,Jr,2020 NBA Draft,0
162,2020,Ryan Daly,SF,6-5,225,"Jan 6, 1998",Saint Joseph's,Jr,2021 NBA Draft,0
163,2019,Caleb Daniels,SG,6-4,210,N/A,Villanova,So,N/A,0
164,2007,Chris Daniels,C,6-9,265,"Apr 19, 1984",Texas A&M-CC,Jr,2008 NBA Draft,0
165,1999,Greedy Daniels,PG,6-1,183,"Jan 12, 1978",Texas Christian,So,2001 NBA Draft,0
166,2018,Mike Daum,PF,6-9,235,"Oct 30, 1995",South Dakota State,Jr,2019 NBA Draft,0
167,2005,Jermareo Davidson,PF,6-10,230,"Nov 15, 1984",Alabama,So,2007 Rnd 2,2
168,2009,Bryan Davis,PF,6-9,250,"Dec 31, 1986",Texas A&M,Jr,2010 NBA Draft,0
169,2018,Jon Davis,SG,6-2,193,"Nov 8, 1996",Charlotte,Jr,2019 NBA Draft,0
170,2018,Jordan Davis,PG,6-2,185,"Jun 6, 1997",Northern Colorado,Jr,2019 NBA Draft,0
171,2021,Kendric Davis,PG,5-11,180,"May 14, 1999",Southern Methodist,Jr,N/A,0
172,2010,Mike Davis,PF,6-9,225,"Oct 21, 1988",Illinois,Jr,2011 NBA Draft,0
173,2010,Paul Davis,PF,6-9,195,"Feb 20, 1988",Winston-Salem State,Jr,2011 NBA Draft,0
174,2018,Shawntrez Davis,PF,6-9,220,"Apr 4, 1997",Bethune-Cookman,Jr,2019 NBA Draft,0
175,2018,Terence Davis,SF,6-4,205,"May 16, 1997",Ole Miss,Jr,2019 NBA Draft,2
176,2006,LeRoy Dawson,PG,6-2,175,"Oct 23, 1981",Southern Nazarene,Jr,2007 NBA Draft,0
177,2021,Darius Days,PF,6-7,245,"Oct 20, 1999",LSU,Jr,N/A,0
178,2020,Darius Days,PF,6-7,245,"Oct 20, 1999",LSU,So,N/A,0
179,2019,Silvio De Sousa,FC,6-9,250,"Oct 7, 1998",Chattanooga,So,N/A,0
180,2019,Javin DeLaurier,PF,6-10,237,"Apr 7, 1998",Duke,Jr,2020 NBA Draft,0
181,2002,Willie Deane,PG,6-1,196,"Feb 23, 1980",Purdue,Jr,2003 NBA Draft,0
182,2010,Malcolm Delaney,PG/SG,6-3,190,"Mar 11, 1989",Virginia Tech,Jr,2011 NBA Draft,2
183,2017,Angel Delgado,C,6-10,230,"Nov 20, 1994",Seton Hall,Jr,2018 NBA Draft,1
184,2020,Dexter Dennis,GF,6-5,206,"Feb 9, 1999",Wichita State,So,N/A,0
185,2019,David DiLeo,SF,6-8,224,"Feb 28, 1997",Central Michigan,Jr,2020 NBA Draft,0
186,2016,Moustapha Diagne,PF,6-9,230,"Oct 6, 1995",La Salle,Fr,2020 NBA Draft,0
187,2019,Mamadi Diakite,PF,6-9,218,"Jan 21, 1997",Virginia,Jr,2020 NBA Draft,1
188,2019,Alpha Diallo,SF,6-6,207,"Jun 29, 1997",Providence,Jr,2020 NBA Draft,0
189,2017,Hamidou Diallo,SG,6-5,202,"Jul 31, 1998",Kentucky,RS-Fr,2018 Rnd 2,3
190,2018,Noah Dickerson,PF,6-8,245,"Feb 1, 1997",Washington,Jr,2019 NBA Draft,0
191,2019,James Dickey,PF,6-10,210,"Nov 28, 1996",UNC Greensboro,Jr,2020 NBA Draft,0
192,2021,Hunter Dickinson,C,7-1,255,"Nov 25, 2000",Michigan,Fr,N/A,0
193,2019,Davon Dillard,SF,6-5,210,"Mar 20, 1996",Windsor Express (Canada),1996 DOB,2020 NBA Draft,0
194,2006,Cem Dinc,GF,6-11,250,"Jul 23, 1985",Harvard,Fr,2010 NBA Draft,0
195,2001,Patrick Doctor,PF,6-9,230,"Feb 11, 1980",American University,Jr,2002 NBA Draft,0
196,2002,Henry Domercant,SG,6-4,200,"Dec 30, 1980",Eastern Illinois,Jr,2003 NBA Draft,0
197,2018,Torin Dorn,SG,6-5,205,"Nov 12, 1995",NC State,Jr,2019 NBA Draft,0
198,2016,Tyler Dorsey,SG,6-5,183,"Feb 18, 1996",Oregon,Fr,2017 Rnd 2,2
199,2020,Ayo Dosunmu,PG,6-5,200,"Jan 17, 2000",Illinois,So,2021 Rnd 2,0
200,2019,Devon Dotson,PG,6-2,185,"Aug 2, 1999",Kansas,Fr,2020 NBA Draft,1
201,2005,Toney Douglas,PG,6-2,195,"Mar 16, 1986",Florida State,Fr,2009 Rnd 1,8
202,2016,D'Andre Downey,PF,6-9,205,N/A,Angelo State,Jr,2017 NBA Draft,0
203,2009,Devan Downey,PG,5-9,170,"Sep 28, 1987",South Carolina,Jr,2010 NBA Draft,0
204,2008,Robert Dozier,SF/PF,6-9,215,"Nov 6, 1985",Memphis,Jr,2009 Rnd 2,0
205,2019,A.J. Durham,SG,6-4,180,"Sep 30, 1998",Providence,So,N/A,0
206,2020,Nojel Eastern,SG,6-7,220,"May 26, 1999",Howard,Jr,2021 NBA Draft,0
207,2018,Nojel Eastern,SG,6-7,220,"May 26, 1999",Howard,Fr,2021 NBA Draft,0
208,2011,TyShwan Edmondson,SG,6-4,175,"Sep 28, 1989",Austin Peay,Jr,2012 NBA Draft,0
209,2018,Carsen Edwards,PG,5-11,200,"Mar 12, 1998",Purdue,So,2019 Rnd 2,2
210,2001,Corsley Edwards,PF,6-9,275,"Mar 5, 1979",Central Connecticut State,Jr,2002 Rnd 2,2
211,2017,Vince Edwards,SF,6-8,225,"Apr 5, 1996",Purdue,Jr,2018 Rnd 2,1
212,2016,Vince Edwards,SF,6-8,225,"Apr 5, 1996",Purdue,So,2018 Rnd 2,1
213,2017,John Egbunu,C,6-9,253,"Oct 31, 1994",Florida,Jr,2018 NBA Draft,0
214,2009,Osiris Eldridge,PG,6-3,190,"Jun 18, 1988",Illinois State,Jr,2010 NBA Draft,0
215,1998,Bud Eley,PF,6-8,240,"Jan 14, 1975",Southeast Missouri State,Sr,1998 NBA Draft,0
216,2019,C.J. Elleby,SF,6-6,185,"Jun 16, 2000",Washington State,Fr,2020 Rnd 2,1
217,2008,Wayne Ellington,SG,6-4,207,"Nov 29, 1987",North Carolina,So,2009 Rnd 1,12
218,2006,Carl Elliott,SG,6-4,220,"Apr 9, 1983",George Washington,Jr,2007 NBA Draft,0
219,2018,Jon Elmore,PG,6-3,187,"Dec 20, 1995",Marshall,Jr,2019 NBA Draft,0
220,2017,Jon Elmore,PG,6-3,187,"Dec 20, 1995",Marshall,So,2019 NBA Draft,0
221,2021,Navar Elmore,PF,6-9,180,N/A,Livingstone,Sr,N/A,0
222,2003,Andre Emmett,SF,6-5,224,"Aug 27, 1982",Texas Tech,Jr,2004 Rnd 2,2
223,2017,Obi Enechionyia,FC,6-10,220,"Sep 19, 1995",Temple,Jr,2018 NBA Draft,0
224,2011,Kim English,SG,6-6,200,"Sep 24, 1988",Missouri,Jr,2012 Rnd 2,1
225,2019,Steven Enoch,C,6-10,260,"Sep 18, 1997",Louisville,Jr,2020 NBA Draft,0
226,2021,Tyson Etienne,PG,6-2,204,"Sep 17, 1999",Wichita State,RS-Fr,N/A,0
227,2017,Drew Eubanks,C,6-10,245,"Feb 1, 1997",Oregon State,So,2018 NBA Draft,3
228,2017,Tacko Fall,C,7-5,311,"Dec 10, 1995",UCF,So,2019 NBA Draft,2
229,2010,Kenneth Faried,PF,6-8,220,"Nov 19, 1989",Morehead State,Jr,2011 Rnd 1,8
230,2020,Mason Faulkner,SG,6-1,190,"Jun 11, 1998",Colorado,Jr,N/A,0
231,2006,Nick Fazekas,PF,6-11,240,"Jun 17, 1985",Nevada,Jr,2007 Rnd 2,1
232,2018,Bruno Fernando,C,6-9,240,"Aug 15, 1998",Maryland,Fr,2019 Rnd 2,2
233,1997,Ronnie Fields,SG,6-3,198,"Feb 28, 1977",La Crosse Bobcats (United States),1977 DOB,1998 NBA Draft,0
234,2020,L.J. Figueroa,SG,6-6,195,"Mar 28, 1998",Oregon,Jr,2021 NBA Draft,0
235,2019,Jaylen Fisher,PG,6-2,200,"Sep 6, 1997",Chernomorets Burgas (Bulgaria),1997 DOB,2020 NBA Draft,0
236,2019,Savion Flagg,SF,6-7,225,"May 26, 1999",Sam Houston State,So,N/A,0
237,2009,Gary Flowers,PF,6-8,214,"Apr 22, 1986",Southern Mississippi,So,2011 NBA Draft,0
238,2018,Dextor Foster,SF,6-5,175,"Sep 17, 1996",Yerevan BC (Armenia),1996 DOB,2020 NBA Draft,0
239,2018,Jarrey Foster,SF,6-6,220,"Dec 9, 1996",Southern Methodist,Jr,2019 NBA Draft,0
240,2020,Blake Francis,PG,6-0,175,"Jan 3, 1998",Richmond,Jr,2021 NBA Draft,0
241,2005,Torin Francis,PF,6-9,252,"Jun 26, 1983",Notre Dame,Jr,2006 NBA Draft,0
242,2018,Robert Franks,C,6-7,225,"Dec 18, 1996",Washington State,Jr,2019 NBA Draft,2
243,2010,Jimmer Fredette,SG,6-2,195,"Feb 25, 1989",Brigham Young,Jr,2011 Rnd 1,6
244,2020,Hasahn French,SF,6-7,240,"Mar 9, 1998",Saint Louis,Jr,2021 NBA Draft,0
245,2020,D.J. Funderburk,PF,6-10,225,"Apr 12, 1997",NC State,Jr,2021 NBA Draft,0
246,2020,Both Gach,SG,6-6,180,"Feb 4, 1999",Utah,So,N/A,0
247,2020,Alonzo Gaffney,PF,6-9,200,"Jan 28, 2000",Arizona State,Fr,N/A,0
248,2004,Deng Gai,PF,6-9,250,"Mar 22, 1982",Fairfield,Jr,2005 NBA Draft,1
249,2002,Kevin Gaines,SG,6-4,200,"Mar 11, 1980",Houston,So,2004 NBA Draft,0
250,2021,Dawson Garcia,SF,6-11,235,"Sep 20, 2001",North Carolina,Fr,N/A,0
251,2001,Jason Gardner,PG,5-10,190,"Nov 4, 1980",Arizona,So,2003 NBA Draft,0
252,2020,Luka Garza,C,6-11,243,"Dec 27, 1998",Iowa,Jr,2021 Rnd 2,0
253,2021,Jimma Gatwech,SG,6-4,170,"Mar 4, 2001",Huntington Prep (West Virginia),2001 DOB,N/A,0
254,2008,Alonzo Gee,SG/SF,6-6,225,"May 29, 1987",Alabama,Jr,2009 NBA Draft,8
255,2006,Reggie George,PF,6-10,230,"Apr 5, 1984",Robert Morris-Springfield,Trans,2008 NBA Draft,0
256,2019,Eugene German,PG,6-0,185,"Dec 2, 1997",Northern Illinois,Jr,2020 NBA Draft,0
257,2018,Eugene German,PG,6-0,185,"Dec 2, 1997",Northern Illinois,So,2020 NBA Draft,0
258,2011,Ashton Gibbs,PG,6-2,190,"Jan 19, 1990",Pittsburgh,Jr,2012 NBA Draft,0
259,2019,T.J. Gibbs,SG,6-3,185,"Oct 9, 1997",Notre Dame,Jr,2020 NBA Draft,0
260,2007,Drew Gibson,PG,6-2,195,"Dec 21, 1985",Wofford,Jr,2008 NBA Draft,0
261,2009,Jonathan Gibson,PG,6-2,185,"Nov 8, 1987",New Mexico State,Jr,2010 NBA Draft,3
262,2009,Kyle Gibson,SG,6-4,205,"May 22, 1987",Louisiana Tech,Jr,2010 NBA Draft,0
263,2018,Admon Gilder,SG,6-4,200,"Nov 14, 1995",Gonzaga,Jr,2020 NBA Draft,0
264,2011,Troy Gillenwater,PF,6-8,234,"Dec 19, 1988",Apollon Limassol BC (Cyprus),1988 DOB,2012 NBA Draft,0
265,2018,Michael Gilmore,PF,6-10,220,"Jan 15, 1995",VCU,Jr,2019 NBA Draft,0
266,2020,Jacob Gilyard,PG,5-9,160,"Jul 14, 1998",Richmond,Jr,N/A,0
267,2020,Grant Golden,PF,6-10,255,"Jan 15, 1998",Richmond,Jr,N/A,0
268,2004,Ryan Gomes,SF,6-7,245,"Sep 1, 1982",Providence,Jr,2005 Rnd 2,8
269,2019,Quentin Goodin,PG,6-4,194,"Sep 3, 1997",Xavier,Jr,2020 NBA Draft,0
270,2020,Tony Goodwin II,SG,6-6,180,N/A, ,,N/A,0
271,2019,Tony Goodwin II,SG,6-6,180,N/A, ,,N/A,0
272,2017,Brandon Goodwin,PG,6-0,180,"Oct 2, 1995",Florida Gulf Coast,Jr,2018 NBA Draft,3
273,2020,Jordan Goodwin,SG,6-3,200,"Oct 23, 1998",Saint Louis,Jr,2021 NBA Draft,0
274,2018,Jessie Govan,C,6-10,260,"Jul 25, 1997",Georgetown,Jr,2019 NBA Draft,0
275,2019,Kellan Grady,PG,6-5,205,"Sep 11, 1997",Kentucky,So,N/A,0
276,2008,Paul Graham III,SG,6-5,190,"Dec 2, 1985",Florida Atlantic,Jr,2009 NBA Draft,0
277,2017,Donte Grantham,PF,6-8,215,"Mar 19, 1995",Clemson,Jr,2018 NBA Draft,1
278,2020,Jayvon Graves,PG,6-3,200,"Dec 29, 1998",Buffalo,Jr,2021 NBA Draft,0
279,2006,Aaron Gray,C,7-0,270,"Dec 7, 1984",Pittsburgh,Jr,2007 Rnd 2,7
280,2020,A.J. Green,PG,6-4,189,"Sep 27, 1999",Northern Iowa,So,N/A,0
281,2008,Danny Green,SG,6-6,215,"Jun 22, 1987",North Carolina,Jr,2009 Rnd 2,12
282,2019,Devonte Green,SG,6-3,185,"Feb 2, 1997",Indiana,Jr,2020 NBA Draft,0
283,2020,"Darin Green, Jr.",SG,6-4,185,N/A,UCF,Fr,N/A,0
284,2021,"Patrick Greene, Jr.",PG,6-1,182,N/A,National Park CC,RS-So,N/A,0
285,2019,Quentin Grimes,SG,6-5,205,"May 8, 2000",Houston,Fr,2021 Rnd 1,0
286,2019,Jon Axel Gudmundsson,SG,6-5,200,"Oct 27, 1996",Davidson,Jr,2020 NBA Draft,0
287,2021,Quincy Guerrier,SF,6-7,220,"May 13, 1999",Oregon,So,N/A,0
288,2010,Anthony Gurley,PG,6-3,185,"Jan 21, 1988",Massachusetts,Jr,2011 NBA Draft,0
289,2017,Isaac Haas,C,7-2,290,"Oct 2, 1995",Purdue,Jr,2018 NBA Draft,0
290,2016,Jimmy Hall,PF,6-8,235,"Apr 2, 1994",Kent State,Jr,2017 NBA Draft,0
291,2021,Jordan Hall,SF,6-7,215,"Jan 14, 2002",Saint Joseph's,Fr,N/A,0
292,2005,Mike Hall,PF,6-8,230,"Jun 5, 1984",George Washington,Jr,2006 NBA Draft,1
293,2018,Tyler Hall,SG,6-5,209,"Mar 25, 1997",Montana State,Jr,2019 NBA Draft,0
294,2021,Bryce Hamilton,SG,6-4,205,"Nov 10, 2000",UNLV,Jr,N/A,0
295,2018,Jaylen Hands,PG,6-3,180,"Feb 12, 1999",UCLA,Fr,2019 Rnd 2,0
296,2018,Zach Hankins,C,6-11,245,"Jul 27, 1996",Xavier,Jr,2019 NBA Draft,0
297,2018,Ethan Happ,PF,6-10,235,"May 7, 1996",Wisconsin,Jr,2019 NBA Draft,0
298,2009,Luke Harangody,PF,6-8,245,"Jan 2, 1988",Notre Dame,Jr,2010 Rnd 2,3
299,2007,DeVon Hardin,C,6-11,235,"Aug 7, 1986",California,Jr,2008 Rnd 2,0
300,2019,Jerrick Harding,PG,6-1,180,"Apr 13, 1998",Weber State,Jr,2020 NBA Draft,0
301,2021,De'Vion Harmon,PG,6-2,201,"Jan 22, 2001",Oregon,So,N/A,0
302,2018,Jared Harper,PG,5-11,175,"Sep 14, 1997",Auburn,So,2019 NBA Draft,2
303,2021,Ron Harper,SG,6-6,245,"Apr 12, 2000",Rutgers,Jr,N/A,0
304,2009,Kevin Harris,, , ,N/A, ,,2011 NBA Draft,0
305,2019,Kevon Harris,SF,6-6,219,"Jun 24, 1997",Stephen F. Austin,Jr,2020 NBA Draft,0
306,1998,Rico Harris,PF,6-8,250,N/A,Cal State Northridge,So,1999 NBA Draft,0
307,2016,Josh Hart,SG,6-5,215,"Mar 6, 1995",Villanova,Jr,2017 Rnd 1,4
308,2016,Josh Hawkinson,PF,6-10,230,"Jun 23, 1995",Washington State,Jr,2017 NBA Draft,0
309,2016,Nigel Hayes,SF,6-8,254,"Dec 16, 1994",Wisconsin,Jr,2017 NBA Draft,1
310,2010,Jeremy Hazell,SG,6-5,180,"Mar 25, 1986",Seton Hall,Jr,2011 NBA Draft,0
311,2006,Brandon Heath,SG/PG,6-4,200,"Mar 1, 1984",San Diego State,Jr,2007 NBA Draft,0
312,2020,Aaron Henry,SF,6-6,210,"Aug 30, 1999",Michigan State,So,2021 NBA Draft,0
313,2005,Chris Hernandez,PG,6-2,188,"Mar 17, 1983",Stanford,Jr,2006 NBA Draft,0
314,2018,Dewan Hernandez,PF,6-10,235,"Dec 9, 1996",Miami (FL),So,2019 Rnd 2,1
315,2018,Mustapha Heron,SG,6-5,210,"Dec 12, 1997",St. John's,So,2020 NBA Draft,0
316,2007,Roy Hibbert,C,7-2,270,"Dec 11, 1986",Georgetown,Jr,2008 Rnd 1,9
317,2004,Daryll Hill,PG,6-0,168,"Jul 31, 1982",St. John's,Fr,2007 NBA Draft,0
318,2020,Jalen Hill,PF,6-10,245,"Dec 17, 1999",UCLA,So,N/A,0
319,2015,Jerome Hill,GF,6-5,210,"Sep 18, 1992",Gardner-Webb,Jr,2016 NBA Draft,0
320,2018,Malik Hines,PF,6-10,255,N/A,McNeese State,Jr,2019 NBA Draft,0
321,2005,Jibril Hodges,PG,6-2,189,"Feb 16, 1984",Long Beach State,Jr,2006 NBA Draft,0
322,2010,Adnan Hodzic,PF,6-8,245,"Dec 6, 1988",Lipscomb,Jr,2011 NBA Draft,0
323,2017,Aaron Holiday,PG,6-1,185,"Sep 30, 1996",UCLA,So,2018 Rnd 1,3
324,2006,Clarence Holloway,C,7-1,270,"Mar 14, 1987",Louisville,RS-Fr,2010 NBA Draft,0
325,2011,Desmond Holloway,PG,6-3,167,"Mar 28, 1990",Sauk Valley Predators (United States),1990 DOB,2012 NBA Draft,0
326,2011,Tu Holloway,PG,6-0,190,"Aug 21, 1989",Xavier,Jr,2012 NBA Draft,0
327,2021,Trevor Hudgins,PG,6-0,180,N/A,Northwest Missouri State,Jr,N/A,0
328,2018,Jalen Hudson,SF,6-6,192,"May 21, 1996",Florida,Jr,2019 NBA Draft,0
329,2008,Lester Hudson,PG/SG,6-3,190,"Aug 7, 1984",Tennessee-Martin,Jr,2009 Rnd 2,4
330,2020,Jay Huff,C,7-1,240,"Aug 25, 1998",Virginia,Jr,2021 NBA Draft,0
331,1999,DeeAndre Hulett,PF,6-8,215,"Dec 29, 1980",Las Vegas Silver Bandits (United States),1980 DOB,2000 Rnd 2,0
332,2020,Feron Hunt,SF,6-8,195,"Jul 5, 1999",Southern Methodist,So,2021 NBA Draft,0
333,2002,Brandon Hunter,SF,6-7,260,"Nov 24, 1980",Ohio,Jr,2003 Rnd 2,2
334,2020,Chance Hunter,SG,6-6,200,"Aug 31, 1998",California Baptist,So,N/A,0
335,2017,Chandler Hutchison,SG,6-7,210,"Apr 26, 1996",Boise State,Jr,2018 Rnd 1,3
336,2006,Ekene Ibekwe,PF,6-9,220,"Jul 19, 1985",Maryland,Jr,2007 NBA Draft,0
337,2003,Sani Ibrahim,FC,6-10,245,"Nov 25, 1982",Gulf Coast,Fr,2004 NBA Draft,0
338,2016,Ike Iroegbu,PG,6-2,195,"Mar 14, 1995",Washington State,Jr,2017 NBA Draft,0
339,2018,Tramaine Isabell,PG,6-1,180,"Jun 27, 1995",Saint Louis,Jr,2019 NBA Draft,0
340,2004,Martin Iti,C,6-10,240,"Feb 28, 1983",New Mexico State,Fr,2008 NBA Draft,0
341,2017,Justin Jackson,SF,6-7,225,"Feb 18, 1997",Maryland,Fr,2018 Rnd 2,0
342,2016,Justin Jackson,SF,6-8,210,"Mar 28, 1995",North Carolina,So,2017 Rnd 1,4
343,2008,Stefon Jackson,SG,6-5,185,"May 7, 1985",UTEP,Jr,2009 NBA Draft,0
344,2007,Leon Jacob,PG,6-1,185,"Mar 17, 1984",Texas A&M - International,Jr,2008 NBA Draft,0
345,2004,Jan Jagla,PF,6-11,231,"Jun 25, 1981",Bayern Munich (Germany),1981 DOB,2005 NBA Draft,0
346,2009,Damion James,SF,6-7,225,"Oct 7, 1987",Texas,Jr,2010 Rnd 1,4
347,2007,Dominic James,PG,5-11,185,"Oct 5, 1986",Marquette,So,2009 NBA Draft,0
348,2018,Justin James,SG,6-7,190,"Jan 24, 1997",Wyoming,Jr,2019 Rnd 2,2
349,2020,DeJon Jarreau,PG,6-5,185,"Jan 23, 1998",Houston,Jr,2021 NBA Draft,0
350,2021,David Jean-Baptiste,PG,6-1,195,"May 16, 1998",Chattanooga,Sr,N/A,0
351,2020,Damien Jefferson,SF,6-5,220,"Oct 3, 1997",Creighton,Jr,2021 NBA Draft,0
352,2016,Kris Jenkins,SF,6-6,235,"Nov 20, 1993",Villanova,Jr,2017 NBA Draft,0
353,2017,Alize Johnson,SF,6-7,212,"Apr 22, 1996",Missouri State,Jr,2018 Rnd 2,3
354,2017,B.J. Johnson,SF,6-7,200,"Dec 21, 1995",La Salle,Jr,2018 NBA Draft,2
355,2017,Darin Johnson,SG,6-5,191,"Jan 21, 1995",Delaware 87ers,1995 DOB,2018 NBA Draft,0
356,2006,David Johnson,SG,6-4,190,"May 19, 1985",Southeast Missouri State,RS-So,2008 NBA Draft,0
357,2010,JaJuan Johnson,PF,6-10,220,"Feb 8, 1989",Purdue,Jr,2011 Rnd 1,1
358,2021,Jalen Johnson,PF,6-6,210,"Nov 16, 1997",Mississippi State,Sr,N/A,0
359,2020,Jalen Johnson,PF,6-6,210,"Nov 16, 1997",Mississippi State,Jr,N/A,0
360,2019,Jayce Johnson,C,7-0,235,"Aug 1, 1997",Marquette,Jr,2020 NBA Draft,0
361,2019,Markell Johnson,PG,6-1,175,"Aug 25, 1998",NC State,Jr,2020 NBA Draft,0
362,2011,Orlando Johnson,SG,6-5,220,"Mar 11, 1989",UC Santa Barbara,Jr,2012 Rnd 2,3
363,2016,Que Johnson,SG,6-6,205,"Dec 2, 1992",Western Kentucky,Jr,2017 NBA Draft,0
364,2010,Ravern Johnson,SF,6-7,180,"Jul 21, 1988",Mississippi State,Jr,2011 NBA Draft,0
365,2011,Reggie Johnson,C,6-10,290,"Dec 16, 1989",Miami (FL),So,2013 NBA Draft,0
366,2017,Robert Johnson,SG,6-4,195,"May 27, 1995",Indiana,Jr,2018 NBA Draft,0
367,2011,Tiondre Johnson,SF,6-6, ,N/A,Coastal Bend,So,2013 NBA Draft,0
368,2006,Trey Johnson,SG/SF,6-5,215,"Aug 30, 1984",Jackson State,Jr,2007 NBA Draft,3
369,2018,Zach Johnson,PG,6-2,195,"Aug 20, 1996",Miami (FL),Jr,2019 NBA Draft,0
370,2016,Peter Jok,SG,6-6,205,"Mar 30, 1994",Iowa,Jr,2017 NBA Draft,0
371,2020,Andre Jones,SF,6-5,191,"Sep 22, 1997",Louisiana-Monroe,Jr,N/A,0
372,2017,Andrew Jones,SG,6-4,185,"Dec 9, 1997",Texas,Fr,N/A,0
373,2010,Cameron Jones,SG/SF,6-4,185,"May 4, 1989",Northern Arizona,Jr,2011 NBA Draft,0
374,2021,Christiaan Jones,SG,6-5,195,"Sep 29, 1998",Stetson,Sr,N/A,0
375,2021,Devante' Jones,PG,6-1,200,"Apr 9, 1998",Michigan,Jr,N/A,0
376,2020,Herb Jones,SF,6-8,206,"Oct 6, 1998",Alabama,Jr,2021 Rnd 2,0
377,2007,Joseph Jones,PF,6-9,255,"Mar 21, 1986",Texas A&M,Jr,2008 NBA Draft,0
378,2011,Kevin Jones,PF,6-8,260,"Aug 25, 1989",West Virginia,Jr,2012 NBA Draft,1
379,2021,Latrell Jones,SF,6-5,175,"May 29, 1998",Portland,Jr,N/A,0
380,2007,Marcel Jones,PF,6-8,220,"Sep 2, 1985",Oregon State,Jr,2008 NBA Draft,0
381,2011,Terrence Jones,PF,6-9,255,"Jan 9, 1992",Kentucky,Fr,2012 Rnd 1,6
382,2019,Tyrique Jones,PF,6-9,239,"May 3, 1997",Xavier,Jr,2020 NBA Draft,0
383,2021,Johnny Juzang,SG,6-7,215,"Mar 17, 2001",UCLA,So,N/A,0
384,2017,Kerem Kanter,PF,6-10,240,"Apr 20, 1995",Xavier,Jr,2018 NBA Draft,0
385,2000,Jason Kapono,PF,6-8,213,"Feb 4, 1981",UCLA,Fr,2003 Rnd 2,9
386,2006,Coby Karl,SG/PG,6-5,215,"Mar 6, 1983",Boise State,Jr,2007 NBA Draft,2
387,2018,Christian Keeling,SG,6-3,180,"Jun 1, 1998",North Carolina,So,2020 NBA Draft,0
388,2007,Marcelus Kemp,SG,6-5,210,"May 18, 1984",Nevada,Jr,2008 NBA Draft,0
389,2017,Braxton Key,SF,6-8,225,"Feb 14, 1997",Virginia,Fr,2020 NBA Draft,0
390,2019,Sacha Killeya-Jones,C,6-11,220,"Aug 10, 1998",BC Kalev-Cramo (Estonia),1998 DOB,2020 NBA Draft,0
391,2004,Marco Killingsworth,PF,6-7,266,"Feb 21, 1982",Indiana,Jr,2006 NBA Draft,0
392,2005,Brian Kim,SG,6-4,190,N/A,Portland,Jr,2006 NBA Draft,0
393,2017,George King,SF,6-6,220,"Jan 15, 1994",Colorado,Jr,2018 Rnd 2,1
394,2016,Moses Kingsley,C,6-10,230,"Nov 16, 1994",Arkansas,Jr,2017 NBA Draft,0
395,2016,Travion Kirkendoll,PG,6-3,192,"Jul 5, 1996",Centenary,So,2018 NBA Draft,0
396,2005,Armein Kirkland,GF,6-8,205,"Feb 18, 1984",Cincinnati,Jr,2006 NBA Draft,0
397,2020,Corey Kispert,SF,6-7,220,"Mar 3, 1999",Gonzaga,Jr,2021 Rnd 1,0
398,2021,John Knight III,PG,6-3,205,N/A,Southern Utah,Sr,N/A,0
399,2019,Nathan Knight,PF,6-10,253,"Sep 20, 1997",William & Mary,Jr,2020 NBA Draft,1
400,1996,Carlos Knox,,6-2,190,"Oct 7, 1974",IUPUI,Jr,1997 NBA Draft,0
401,2018,Sagaba Konate,PF,6-7,260,"Mar 19, 1997",West Virginia,So,2019 NBA Draft,0
402,2021,Miller Kopp,SF,6-7,215,"Nov 24, 1998",Indiana,Jr,N/A,0
403,2009,Mac Koshwal,PF/C,6-10,255,"Oct 19, 1987",DePaul,So,2010 NBA Draft,0
404,2005,Carl Krauser,PG,6-2,200,"May 13, 1981",Pittsburgh,Jr,2006 NBA Draft,0
405,2019,Anthony Lamb,PF,6-6,225,"Jan 20, 1998",Vermont,Jr,2020 NBA Draft,1
406,2021,Kameron Langley,PG,6-2,165,"Apr 13, 1999",North Carolina A&T,Sr,N/A,0
407,2020,Kameron Langley,PG,6-2,165,"Apr 13, 1999",North Carolina A&T,Jr,N/A,0
408,2017,Khadeem Lattin,PF,6-9,220,"Apr 19, 1995",Oklahoma,Jr,2018 NBA Draft,0
409,2009,Gani Lawal,PF,6-9,234,"Nov 7, 1988",Georgia Tech,So,2010 Rnd 2,1
410,2003,Antonio Lawrence,SF,6-4,198,"Jan 31, 1983",San Jose State,Fr,2006 NBA Draft,0
411,2020,A.J. Lawson,SF,6-6,180,"Jul 15, 2000",South Carolina,So,2021 NBA Draft,0
412,2019,A.J. Lawson,SF,6-6,180,"Jul 15, 2000",South Carolina,Fr,2021 NBA Draft,0
413,2016,Dedric Lawson,PF,6-7,230,"Oct 1, 1997",Kansas,Fr,2019 NBA Draft,0
414,2010,"Kenny Lawson, Jr.",C,6-9,250,"Sep 18, 1988",Creighton,Jr,2011 NBA Draft,0
415,2008,Ty Lawson,PG,5-11,195,"Nov 3, 1987",North Carolina,So,2009 Rnd 1,9
416,2000,D.A. Layne,PG,6-0,172,"Apr 28, 1979",Georgia,So,2001 NBA Draft,0
417,2018,Kalob Ledoux,SG,6-4,198,"Sep 16, 1997",Louisiana Tech,So,N/A,0
418,2016,Marcus Lee,C,6-11,225,"Sep 14, 1994",California,Jr,2018 NBA Draft,0
419,2017,William Lee,PF,6-9,206,"Jan 10, 1995",UAB,Jr,2018 NBA Draft,0
420,2018,Abdul Lewis,PF,6-10,225,"Dec 27, 1995",N.J.I.T.,Jr,2019 NBA Draft,0
421,2009,James Lewis,PG,6-3,200,"Jun 3, 1986",Fresno Pacific,Jr,2010 NBA Draft,0
422,2020,Matt Lewis,GF,6-3,189,"Dec 21, 1998",James Madison,Jr,2021 NBA Draft,0
423,2018,Victor Lewis,SG,6-5,211,N/A,York College (Neb.),Jr,2020 NBA Draft,0
424,2021,E.J. Liddell,PF,6-7,240,"Dec 18, 2000",Ohio State,So,N/A,0
425,2020,Isaiah Livers,PF,6-7,232,"Jul 28, 1998",Michigan,Jr,2021 Rnd 2,0
426,2017,Zach Lofton,SG,6-4,180,"Nov 18, 1992",New Mexico State,Jr,2018 NBA Draft,1
427,2001,Reo Logan,FC,7-0,250,"Jul 25, 1981",Georgia State,Fr,2005 NBA Draft,0
428,1999,Lamont Long,SG,6-4,190,"Dec 1, 1977",New Mexico,Jr,2000 NBA Draft,0
429,2003,Erazem Lorbek,F-C,6-11,242,"Feb 21, 1984",Fortituto Kontatto Bologna (Italy),1984 DOB,2005 Rnd 2,0
430,2021,Jaizec Lottie,PG,6-2,190,"Feb 16, 1998",Flagler,Sr,N/A,0
431,2011,David Loubeau,PF,6-8,235,"Nov 25, 1989",Texas A&M,Jr,2012 NBA Draft,0
432,2021,Loudon Love,PF,6-8,260,"Apr 21, 1998",Wright State,Sr,N/A,0
433,2009,Dior Lowhorn,SF,6-7,230,"Apr 15, 1987",San Francisco,Jr,2010 NBA Draft,0
434,2008,Leo Lyons,PF,6-9,240,"May 25, 1987",Missouri,Jr,2009 NBA Draft,0
435,2019,Tevin Mack,SF,6-6,223,"May 1, 1996",Clemson,Jr,2020 NBA Draft,0
436,2017,Daryl Macon,PG,6-3,185,"Nov 29, 1995",Arkansas,Jr,2018 NBA Draft,2
437,2001,Tito Maddox,SG,6-4,190,"Jun 7, 1981",Fresno State,So,2002 Rnd 2,2
438,2018,Dominic Magee,SG,6-4,190,"Oct 3, 1995",Southern Mississippi,Jr,2019 NBA Draft,0
439,2018,Fletcher Magee,SG,6-4,195,"Nov 13, 1996",Wofford,Jr,2019 NBA Draft,0
440,1999,Jamaal Magloire,C,6-11,259,"May 21, 1978",Kentucky,Jr,2000 Rnd 1,12
441,2020,Denzel Mahoney,SG,6-5,220,"Jan 18, 1998",Creighton,Jr,2021 NBA Draft,0
442,2019,Malik Maitland,PG,5-9,171,N/A,Bethune-Cookman,Jr,2020 NBA Draft,0
443,2009,Ater Majok,PF,6-11,233,"Jul 4, 1987",Gold Coast (Australia),1987 DOB,2011 Rnd 2,0
444,2021,Makur Maker,C,6-11,235,"Nov 4, 2000", ,2000 DOB,N/A,0
445,2020,Makur Maker,C,6-11,235,"Nov 4, 2000", ,2000 DOB,N/A,0
446,2020,Sandro Mamukelashvili,PF,6-11,240,"May 23, 1999",Seton Hall,Jr,2021 Rnd 2,0
447,2011,Greg Mangano,PF,6-10,240,"Oct 28, 1989",Yale,Jr,2012 NBA Draft,0
448,2020,Tre Mann,PG,6-5,190,"Feb 3, 2001",Florida,Fr,2021 Rnd 1,0
449,2002,Chris Marcus,C,7-1,285,"Dec 11, 1979",Western Kentucky,Jr,2003 NBA Draft,1
450,2006,Aleks Maric,C,6-11,270,"Oct 22, 1984",Nebraska,So,2008 NBA Draft,0
451,2017,Marin Maric,C,6-11,240,"Feb 21, 1994",Demir Insaat Buyukcekmece (Turkey),1994 DOB,2018 NBA Draft,0
452,2019,Jermaine Marrow,PG,6-0,180,"Aug 7, 1997",Hampton,Jr,2020 NBA Draft,0
453,2019,Naji Marshall,SF,6-7,220,"Jan 24, 1998",Xavier,So,2020 NBA Draft,1
454,2018,Caleb Martin,SF,6-7,205,"Sep 28, 1995",Nevada,Jr,2019 NBA Draft,2
455,2018,Cody Martin,SF,6-7,205,"Sep 28, 1995",Nevada,Jr,2019 Rnd 2,2
456,2018,Malik Martin,PF,6-11,214,"Jan 20, 1995",Tennessee Tech,Jr,2019 NBA Draft,0
457,2021,Remy Martin,PG,6-0,175,"Jun 16, 1998",Kansas,Sr,N/A,0
458,2020,Remy Martin,PG,6-0,175,"Jun 16, 1998",Kansas,Jr,N/A,0
459,2018,Zane Martin,SG,6-4,205,"May 6, 1997",Towson,So,N/A,0
460,2016,Makai Mason,PG,6-1,185,"May 4, 1995",Baylor,So,2019 NBA Draft,0
461,2002,Chris Massie,PF,6-9,253,"Sep 10, 1977",Memphis,Jr,2003 NBA Draft,0
462,2017,Yante Maten,PF,6-7,240,"Aug 14, 1996",Georgia,Jr,2018 NBA Draft,1
463,2018,Charles Matthews,SG,6-6,205,"Nov 15, 1996",Michigan,So,2019 NBA Draft,0
464,2018,Luke Maye,PF,6-8,240,"Mar 7, 1997",North Carolina,Jr,2019 NBA Draft,0
465,2021,Matthew Mayer,SF,6-9,225,"Sep 23, 1999",Baylor,Jr,N/A,0
466,2007,James Mays,PF,6-9,230,"Mar 3, 1986",Clemson,Jr,2008 NBA Draft,0
467,2019,Skylar Mays,PG,6-4,205,"Sep 5, 1997",LSU,Jr,2020 Rnd 2,1
468,2021,Joshua Mballa,SF,6-7,222,"Jul 29, 1999",Buffalo,Jr,N/A,0
469,2007,Bo McCalebb,PG,5-10,180,"May 4, 1985",New Orleans,Jr,2008 NBA Draft,0
470,2010,Demetri McCamey,PG,6-3,205,"Feb 21, 1989",Illinois,Jr,2011 NBA Draft,0
471,2020,Mac McClung,PG,6-2,185,"Jan 6, 1999",Texas Tech,So,2021 NBA Draft,0
472,2004,Louis McCullough,SF,6-6,222,"Mar 13, 1982",Francis Marion,Jr,2005 NBA Draft,0
473,2018,Jalen McDaniels,PF,6-10,205,"Jan 31, 1998",San Diego State,Fr,2019 Rnd 2,2
474,2018,Markis McDuffie,SF,6-8,196,"Sep 6, 1997",Wichita State,Jr,2019 NBA Draft,0
475,2017,Markis McDuffie,SF,6-8,196,"Sep 6, 1997",Wichita State,So,2019 NBA Draft,0
476,2002,Glen McGowan,PF,6-9,230,"Mar 23, 1981",Pepperdine,So,2005 NBA Draft,0
477,2021,Kameron McGusty,PG,6-5,190,"Sep 9, 1997",Miami (FL),Sr,N/A,0
478,2016,Jahmal McMurray,SG,6-0,180,"Feb 23, 1997",Southern Methodist,Fr,2019 NBA Draft,0
479,2008,Jerel McNeal,PG/SG,6-3,200,"Jul 1, 1987",Marquette,Jr,2009 NBA Draft,3
480,2006,Japhet McNeil,PG,5-10,170,"Apr 27, 1985",East Carolina,Jr,2007 NBA Draft,0
481,2021,Sean McNeil,PG,6-3,210,"Aug 17, 1998",West Virginia,Jr,N/A,0
482,2017,MiKyle Mcintosh,SF,6-7,235,"Jul 19, 1994",Oregon,Jr,2018 NBA Draft,0
483,2016,Kennedy Meeks,C,6-10,270,"Feb 5, 1995",North Carolina,Jr,2017 NBA Draft,0
484,2018,Christian Mekowulu,PF,6-8,245,"Mar 17, 1995",Texas A&M,Jr,2019 NBA Draft,0
485,2005,Pops Mensah-Bonsu,PF,6-9,235,"Sep 7, 1983",George Washington,Jr,2006 NBA Draft,4
486,2018,Aaron Menzies,C,7-3,265,"Jul 11, 1996",Saint Mary's,Jr,2020 NBA Draft,0
487,2000,Brian Merriweather,PG,6-3,185,"Mar 13, 1978",Texas-RGV,So,2002 NBA Draft,0
488,2020,Isaiah Miller,PG,6-0,182,"Nov 9, 1998",UNC Greensboro,Jr,2021 NBA Draft,0
489,2003,Ricky Minard,SG,6-4,200,"Sep 11, 1982",Morehead State,Jr,2004 Rnd 2,1
490,2007,Tack Minor,PG,5-11,195,"Feb 8, 1984",LSU,Jr,2008 NBA Draft,0
491,2021,Davion Mintz,PG,6-3,195,"Jun 30, 1998",Kentucky,Sr,N/A,0
492,2019,Davion Mintz,PG,6-3,195,"Jun 30, 1998",Kentucky,Jr,N/A,0
493,2020,Matt Mitchell,SF,6-6,235,"Mar 18, 1999",San Diego State,Jr,2021 NBA Draft,0
494,2018,Shelton Mitchell,SG,6-3,195,"Jan 26, 1995",Clemson,Jr,2019 NBA Draft,0
495,2009,Tasmin Mitchell,SF,6-7,245,"Jun 25, 1986",LSU,Jr,2010 NBA Draft,0
496,2021,Isaiah Mobley,SF,6-10,220,"Sep 24, 2000",USC,So,N/A,0
497,2018,Takal Molson,GF,6-4,210,"Nov 1, 1998",James Madison,Fr,N/A,0
498,2019,E.J. Montgomery,PF,6-10,228,"Sep 12, 1999",Kentucky,Fr,2020 NBA Draft,0
499,2011,Cameron Moore,PF,6-10,230,"Nov 12, 1990",UAB,Jr,2012 NBA Draft,0
500,2016,Dallas Moore,PG,6-1,180,"Oct 27, 1994",North Florida,Jr,2017 NBA Draft,0
501,2010,E'Twaun Moore,SG,6-4,191,"Feb 25, 1989",Purdue,Jr,2011 Rnd 2,10
502,2016,Jalen Moore,PF,6-8,218,"Aug 21, 1995",Utah State,Jr,2017 NBA Draft,0
503,2004,Jonathan Moore,PF,6-8,220,"Jun 12, 1982",North Carolina Central,Jr,2005 NBA Draft,0
504,2003,Marcus Moore,SG,6-6,208,"Dec 25, 1980",Washington State,Jr,2004 NBA Draft,0
505,2021,Alex Morales,SG,6-6,180,"Nov 21, 1997",Wagner,Sr,N/A,0
506,2018,Juwan Morgan,PF,6-8,241,"Apr 17, 1997",Indiana,Jr,2019 NBA Draft,2
507,2018,Matt Morgan,PG,6-2,174,"Nov 7, 1997",Cornell,Jr,2019 NBA Draft,0
508,2017,Matt Morgan,PG,6-2,174,"Nov 7, 1997",Cornell,So,2019 NBA Draft,0
509,2017,Shaquille Morris,PF,6-8,279,"Feb 23, 1994",Wichita State,Jr,2018 NBA Draft,0
510,2018,Isaiah Moss,SF,6-5,208,"Oct 8, 1996",Kansas,So,2020 NBA Draft,0
511,1996,Terquin Mott,PF,6-8,240,"Jan 30, 1974",Coppin State,Jr,1997 NBA Draft,0
512,2010,Arnett Moultrie,PF,6-11,250,"Nov 18, 1990",Mississippi State,So,2012 Rnd 1,2
513,2021,Issa Muhammad,PF,6-9,225,"Feb 4, 2001",Daytona State College,So,N/A,0
514,2018,Travis Munnings,SF,6-6,200,"Sep 14, 1994",Louisiana-Monroe,Jr,2019 NBA Draft,0
515,2018,Jordan Murdock,GF,6-5,240,N/A,Friends University,Jr,2019 NBA Draft,0
516,2017,Svi Mykhailiuk,SF,6-8,205,"Jun 10, 1997",Kansas,Jr,2018 Rnd 2,3
517,2017,Divine Myles,PG,5-11,185,"Feb 25, 1996",Stetson,Jr,2018 NBA Draft,0
518,1998,Lee Nailon,PF,6-9,238,"Feb 22, 1975",Texas Christian,Jr,1999 Rnd 2,6
519,2003,Simeon Naydenov,SG,6-6,210,"Jul 22, 1981",Louisville,Jr,2004 NBA Draft,0
520,2003,Jameer Nelson,PG,6-0,190,"Feb 9, 1982",Saint Joseph's,Jr,2004 Rnd 1,14
521,2016,Tyrell Nelson,SF,6-7,235,"Jun 18, 1995",Gardner-Webb,Jr,2017 NBA Draft,0
522,2020,Andrew Nembhard,PG,6-5,193,"Jan 16, 2000",Gonzaga,So,N/A,0
523,2019,Andrew Nembhard,PG,6-5,193,"Jan 16, 2000",Gonzaga,Fr,N/A,0
524,2016,Malik Newman,SG,6-3,190,"Feb 21, 1997",Kansas,Fr,2018 NBA Draft,1
525,2017,Derick Newton,PF,6-7,225,"Jul 15, 1995",Windy City Bulls,1995 DOB,2018 NBA Draft,0
526,2021,Barra Njie,PG,6-3,180,"Jan 13, 2001",KFUM Fryshuset Basket (Sweden),2001 DOB,N/A,0
527,2020,Obadiah Noel,SG,6-4,190,"Jun 28, 1999",UMass Lowell,Jr,2021 NBA Draft,0
528,2019,Kouat Noi,SF,6-7,210,"Oct 29, 1997",Cairns (Australia),1997 DOB,2020 NBA Draft,0
529,2016,Marc-Eddy Norelia,PF,6-8,218,"Feb 5, 1993",Florida Gulf Coast,Jr,2017 NBA Draft,0
530,2002,Uche Nsonwu-Amadi,FC,6-10,260,"Jan 17, 1978",Wyoming,Jr,2003 NBA Draft,0
531,2019,Joel Ntambwe,PF,6-8,225,"Oct 17, 1998",Texas Tech,Fr,2021 NBA Draft,0
532,2019,Jordan Nwora,PF,6-8,226,"Sep 9, 1998",Louisville,So,2020 Rnd 2,1
533,2021,Kevin Obanor,PF,6-8,235,"Jan 1, 1999",Texas Tech,Jr,N/A,0
534,1998,Lamar Odom,SF/PF,6-10,230,"Nov 6, 1979",Rhode Island,Fr (Ineligible),1999 Rnd 1,15
535,2002,Uche Okafor,C,6-11,245,"Mar 21, 1981",Missouri,Jr (Ineligible),2003 NBA Draft,0
536,2020,Elijah Olaniyi,SF,6-5,205,"Jan 11, 1999",Stony Brook,Jr,N/A,0
537,2016,Cameron Oliver,C,6-8,225,"Jul 11, 1996",Nevada,Fr,2017 NBA Draft,1
538,2018,Ray Ona Embo,SG,6-4,210,"Oct 20, 1998",KK Vrsac Swisslion (Serbia),1998 DOB,2020 NBA Draft,0
539,2017,Randy Onwuasor,PG,6-3,210,"Sep 5, 1995",LSU,Jr,2018 NBA Draft,0
540,2018,"James Palmer, Jr.",SG,6-5,207,"Jul 31, 1996",Nebraska,Jr,2019 NBA Draft,0
541,2008,Jeremy Pargo,PG,6-2,219,"Mar 7, 1986",Gonzaga,Jr,2009 NBA Draft,3
542,2005,Tim Parham,C,6-9,239,"Mar 18, 1983",Maryland-Eastern Shore,Jr,2006 NBA Draft,0
543,2003,Jason Parker,PG,6-2,180,"Dec 18, 1981",Tulsa,Jr,2004 NBA Draft,0
544,2005,T.J. Parker,PG,6-2,185,"May 16, 1984",Northwestern,Jr,2006 NBA Draft,0
545,2002,Marlon Parmer,PG,6-2,190,"Sep 28, 1980",Kentucky Wesleyan,Jr,2003 NBA Draft,0
546,2019,Devonte Patterson,SF,6-7,205,"Nov 1, 1996",Prairie View A&M,Jr,2020 NBA Draft,0
547,2006,Evan Patterson,SF,6-7,225,N/A,Texas Wesleyan,RS-Jr,2007 NBA Draft,0
548,2009,Patrick Patterson,PF,6-9,230,"Mar 14, 1989",Kentucky,So,2010 Rnd 1,11
549,2013,Norvel Pelle,PF,6-10,216,"Feb 3, 1993",Delaware 87ers,1993 DOB,2014 NBA Draft,2
550,2011,Darrion Pellum,SG,6-6,205,"Apr 15, 1987",Hampton,Jr,2012 NBA Draft,0
551,2004,Kelvin Pena,PG,6-2,180,"Oct 5, 1980",Southeastern Iowa CC,Sr,2004 NBA Draft,0
552,2021,Darius Perry,PG,6-2,185,"Mar 13, 1999",UCF,Sr,N/A,0
553,2019,Reggie Perry,PF,6-8,250,"Mar 21, 2000",Mississippi State,Fr,2020 Rnd 2,1
554,2016,Alec Peters,PF,6-9,225,"Apr 13, 1995",Valparaiso,Jr,2017 Rnd 2,1
555,2018,Keanu Peters,PG,6-2,170,N/A,Westcliff,So,2020 NBA Draft,0
556,2018,Lamar Peters,PG,6-0,185,"Jun 19, 1998",Mississippi State,So,2019 NBA Draft,0
557,2016,Q.J. Peterson,PG,6-0,184,"Oct 12, 1994",Virginia Military,Jr,2017 NBA Draft,0
558,2020,Filip Petrusev,FC,6-11,235,"Apr 15, 2000",KK Mega Bemax (Serbia),2000 DOB,2021 Rnd 2,0
559,2019,Filip Petrusev,FC,6-11,235,"Apr 15, 2000",KK Mega Bemax (Serbia),2000 DOB,2021 Rnd 2,0
560,2020,"John Petty, Jr.",SF,6-5,186,"Dec 3, 1998",Alabama,Jr,2021 NBA Draft,0
561,2021,Jordan Phillips,SG,6-7,215,"Feb 2, 1999",Detroit-Mercy,Jr,N/A,0
562,2019,Jalen Pickett,SF,6-4,202,"Oct 22, 1999",Penn State,Fr,N/A,0
563,2010,Rico Pickett,SG,6-4,190,"Jun 17, 1989",Dnipro Dnipropetrovsk (Ukraine),1989 DOB,2011 NBA Draft,0
564,2008,Courtney Pigram,PG,6-1,195,"Nov 14, 1985",East Tennessee State,Jr,2009 NBA Draft,0
565,2017,Theo Pinson,PG,6-5,212,"Nov 5, 1995",North Carolina,Jr,2018 NBA Draft,3
566,2020,Xavier Pinson,PG,6-2,154,"Jun 23, 2000",LSU,So,N/A,0
567,2018,Jalon Pipkins,SG,6-4,200,"Nov 30, 1998",Fort Wayne,Fr,N/A,0
568,2021,"Scotty Pippen, Jr.",PG,6-3,170,"Nov 10, 2000",Vanderbilt,So,N/A,0
569,2015,Walter Pitchford,PF,6-10,237,"Apr 24, 1992",Raptors 905,1992 DOB,2016 NBA Draft,0
570,2005,Kevin Pittsnogle,C,6-11,250,"Jul 30, 1984",West Virginia,Jr,2006 NBA Draft,0
571,2003,Brian Polk,SG,6-4,210,"Aug 24, 1981",Temple,So,2005 NBA Draft,0
572,2010,Eniel Polynice,SG,6-5,220,"May 18, 1988",Seton Hall,Jr,2011 NBA Draft,0
573,2018,Shamorie Ponds,SG,6-1,180,"Jun 29, 1998",St. John's,So,2019 NBA Draft,1
574,2020,Yves Pons,GF,6-6,215,"May 7, 1999",Tennessee,Jr,2021 NBA Draft,0
575,2019,Cletrell Pope,SF,6-9,203,N/A,Bethune-Cookman,Jr,2020 NBA Draft,0
576,2010,Herb Pope,PF,6-8,235,"Jan 4, 1989",Seton Hall,So,2012 NBA Draft,0
577,2016,Malik Pope,PF,6-10,220,"Jul 25, 1996",San Diego State,So,2018 NBA Draft,0
578,2019,Nik Popovic,SF,6-11,253,"Jul 19, 1997",Boston College,Jr,2020 NBA Draft,0
579,2018,Jontay Porter,PF,6-10,236,"Nov 15, 1999",Missouri,Fr,2019 NBA Draft,2
580,2019,Myles Powell,SG,6-2,195,"Jul 7, 1997",Seton Hall,Jr,2020 NBA Draft,0
581,2004,Roger Powell,SF,6-6,235,"Jan 15, 1983",Illinois,Jr,2005 NBA Draft,1
582,2007,Bruce Price,PG,6-3,200,"Mar 24, 1983",Tennessee State,RS-Fr,2008 NBA Draft,0
583,2011,J.P. Primm,PG,6-1,194,"Sep 17, 1989",UNC Asheville,Jr,2012 NBA Draft,0
584,2001,Tayshaun Prince,SF,6-9,212,"Feb 28, 1980",Kentucky,Jr,2002 Rnd 1,14
585,2019,Payton Pritchard,PG,6-2,190,"Jan 28, 1998",Oregon,Jr,2020 Rnd 1,1
586,2007,Shaun Pruitt,PF/C,6-10,245,"Nov 22, 1985",Illinois,Jr,2008 NBA Draft,0
587,2016,Rodney Purvis,SG,6-4,205,"Feb 14, 1994",Connecticut,Jr,2017 NBA Draft,1
588,2019,Neemias Queta,C,7-0,245,"Jul 13, 1999",Utah State,Fr,2021 Rnd 2,0
589,2020,Darius Quisenberry,PG,6-2,188,N/A,Fordham,So,N/A,0
590,2021,Courtney Ramey,PG,6-3,185,"Oct 2, 1999",Texas,Jr,N/A,0
591,1997,Larell Redic,C,7-0,280,N/A,Utah State,Jr,1998 NBA Draft,0
592,2018,Marcquise Reed,PG,6-3,190,"Apr 21, 1995",Clemson,Jr,2019 NBA Draft,0
593,2018,Isaiah Reese,SF,6-5,185,"Dec 13, 1996",Canisius,So,2019 NBA Draft,0
594,2021,Antonio Reeves,GF,6-5,185,N/A,Illinois State,RS-Fr,N/A,0
595,2008,John Reik,C,7-2,319,"Nov 1, 1989",Tennessee Temple,Sr,2013 NBA Draft,0
596,2009,Scottie Reynolds,PG,6-2,209,"Oct 10, 1987",Villanova,Jr,2010 NBA Draft,0
597,2007,Charles Rhodes,F-C,6-8,240,"Jun 25, 1985",Mississippi State,Jr,2008 NBA Draft,0
598,1995,Rodrick Rhodes,G-F,6-6,225,"Sep 24, 1973",USC,Jr,1997 Rnd 1,5
599,2007,Maureece Rice,PG,6-1,225,"Mar 14, 1984",George Washington,Jr,2008 NBA Draft,0
600,2019,Nick Richards,C,6-11,245,"Nov 29, 1997",Kentucky,So,2020 Rnd 2,1
601,2019,LaQuincy Rideau,PG,6-1,209,"Mar 28, 1996",South Florida,Jr,2020 NBA Draft,0
602,2021,Cody Riley,PF,6-9,250,"Dec 12, 1997",UCLA,Jr,N/A,0
603,2018,Cody Riley,PF,6-9,250,"Dec 12, 1997",UCLA,RS-Fr,N/A,0
604,2009,D.J. Rivera,SG,6-4,190,"Sep 26, 1988",Montevallo,Jr,2012 NBA Draft,0
605,2018,"Kerwin Roach, Jr.",PG,6-4,180,"Oct 24, 1996",Texas,Jr,2019 NBA Draft,0
606,2004,Lawrence Roberts,PF,6-8,240,"Oct 20, 1982",Mississippi State,Jr,2005 Rnd 2,2
607,2010,Jeff Robinson,SF,6-6,230,"Jul 8, 1988",Seton Hall,Jr,2011 NBA Draft,0
608,2017,Martavius Robinson,C,6-10, ,N/A,Lewis & Clark,So,2019 NBA Draft,0
609,2004,Nate Robinson,PG,5-9,180,"May 31, 1984",Washington,So,2005 Rnd 1,11
610,2021,Orlando Robinson,PF,7-0,235,"Jul 10, 2000",Fresno State,So,N/A,0
611,2006,Richard Roby,SG,6-6,200,"Sep 30, 1985",Colorado,So,2008 NBA Draft,0
612,2009,Magnum Rolle,PF,6-11,235,"Feb 23, 1986",Louisiana Tech,Jr,2010 Rnd 2,1
613,2018,Ahmaad Rorie,PG,6-1,175,"Sep 15, 1995",Montana,Jr,2019 NBA Draft,0
614,2018,Quinton Rose,SG,6-8,185,"Jan 26, 1998",Temple,So,2020 NBA Draft,0
615,2020,Colbey Ross,PG,6-1,180,"Oct 22, 1998",Pepperdine,Jr,2021 NBA Draft,0
616,2017,Maverick Rowan,SF,6-7,220,"Jul 14, 1996",Lakeland Magic,1996 DOB,2018 NBA Draft,0
617,2021,"Shawn Royal, Jr.",SF,6-5,175,N/A,Metairie Park Country Day (Louisiana),N/A,N/A,0
618,2007,Brandon Rush,SG,6-6,220,"Jul 7, 1985",Kansas,So,2008 Rnd 1,10
619,2020,Fatts Russell,PG,5-11,165,"May 6, 1998",Maryland,Jr,N/A,0
620,2009,Junior Salters,SG,6-6,200,"Mar 3, 1988",Wofford,Jr,2010 NBA Draft,0
621,2011,Ralph Sampson III,C,6-11,244,"Jan 5, 1990",Minnesota,Jr,2012 NBA Draft,0
622,2021,Kevin Samuel,C,6-11,255,"Aug 3, 1997",Florida Gulf Coast,Jr,N/A,0
623,2019,Kevin Samuel,C,6-11,255,"Aug 3, 1997",Florida Gulf Coast,Fr,N/A,0
624,2017,Corey Sanders,PG,6-2,181,"Apr 17, 1997",Rutgers,So,2018 NBA Draft,0
625,2016,Corey Sanders,PG,6-2,181,"Apr 17, 1997",Rutgers,Fr,2018 NBA Draft,0
626,2017,Victor Sanders,SG,6-5,195,"Feb 16, 1995",Idaho,Jr,2018 NBA Draft,0
627,1996,Mark Sanford,PF,6-9,210,"Feb 7, 1976",Washington,So,1997 Rnd 2,3
628,1982,Yommy Sangodeyi,PF,6-9,230,"Aug 13, 1966",Sam Houston State,Fr,1984 Rnd 3,1
629,2000,Jeryl Sasser,SG,6-6,200,"Feb 13, 1979",Southern Methodist,Jr,2001 Rnd 1,3
630,2021,Marcus Sasser,PG,6-2,195,"Sep 21, 2000",Houston,So,N/A,0
631,2020,Joe Saterfield,GF,6-4,190,N/A,Ranger JC,Fr,N/A,0
632,2000,Kenny Satterfield,PG,6-2,186,"Apr 12, 1981",Cincinnati,Fr,2001 Rnd 2,3
633,2004,Imari Sawyer,PG,6-2,170,"Mar 17, 1982",DePaul,Jr,2005 NBA Draft,0
634,2006,Blake Schilb,SG,6-7,220,"Dec 23, 1983",Loyola (IL),Jr,2007 NBA Draft,0
635,2018,Admiral Schofield,SF,6-5,241,"Mar 30, 1997",Tennessee,Jr,2019 Rnd 2,1
636,2021,Quentin Scott,SF,6-7,215,N/A,Texas State,Sr,N/A,0
637,2019,Paul Scruggs,SG,6-5,200,"Mar 9, 1998",Xavier,So,N/A,0
638,2018,Micah Seaborn,SG,6-5,190,"Mar 6, 1995",Mega Basket Georgia (),1995 DOB,2019 NBA Draft,0
639,2021,Ronaldo Segu,PG,6-0,160,"Sep 16, 1999",Buffalo,Jr,N/A,0
640,2002,Julian Sensley,PF,6-9,235,"Aug 18, 1982",Hawaii,Sr,2006 NBA Draft,0
641,1996,Jess Settles,SF,6-7,220,N/A,Iowa,Jr,1999 NBA Draft,0
642,2000,Karim Shabazz,C,7-1,240,"Nov 2, 1978",Providence,Jr,2001 NBA Draft,0
643,2018,Ronshad Shabazz,SG,6-3,215,"Feb 22, 1996",Appalachian State,Jr,2019 NBA Draft,0
644,2021,Jaden Shackelford,PG,6-3,200,"Feb 14, 2001",Alabama,So,N/A,0
645,2006,Mustafa Shakur,PG,6-3,190,"Aug 18, 1984",Arizona,Jr,2007 NBA Draft,4
646,2021,"Terrence Shannon, Jr.",SF,6-6,215,"Jul 30, 2000",Texas Tech,So,N/A,0
647,2019,Josh Sharkey,PG,5-10,170,"Sep 10, 1997",Samford,Jr,2020 NBA Draft,0
648,2004,Ricky Shields,SG,6-4,195,"Jul 27, 1982",Rutgers,Jr,2005 NBA Draft,0
649,2018,Tavarius Shine,GF,6-6,200,"May 5, 1994",BC LF Lulea (Sweden),1994 DOB,2019 NBA Draft,0
650,2008,Josh Shipp,SG,6-5,215,"Feb 14, 1986",UCLA,Jr,2009 NBA Draft,0
651,2011,John Shurna,SF,6-9,215,"Apr 30, 1990",Northwestern,Jr,2012 NBA Draft,0
652,2019,Nike Sibande,SG,6-4,185,"Jun 6, 1999",Pittsburgh,So,N/A,0
653,2018,Chris Silva,PF,6-8,234,"Sep 19, 1996",South Carolina,Jr,2019 NBA Draft,2
654,2021,Roman Silva,C,7-1,265,"Jan 5, 1998",Oregon State,Sr,N/A,0
655,2017,Jaaron Simmons,PG,6-1,185,"Apr 8, 1995",Michigan,Jr,2018 NBA Draft,0
656,2013,Joshua Simmons,GF,6-7,200,"Dec 21, 1992",Dillard,Jr,2017 NBA Draft,0
657,2020,Aamir Simms,PF,6-8,240,"Feb 17, 1999",Clemson,Jr,2021 NBA Draft,0
658,2004,David Simon,C,6-9,260,"Aug 10, 1982",Fort Wayne,So,2006 NBA Draft,0
659,2001,Jawan Simpson,SG,6-4,205,N/A,Puget Sound Christian College,Fr,2004 NBA Draft,0
660,2017,Fred Sims,SG,6-4,193,"Feb 14, 1997",Chicago State,So,2018 NBA Draft,0
661,2007,Sean Singletary,PG,6-0,185,"Sep 6, 1985",Virginia,Jr,2008 Rnd 2,1
662,2004,Tremayne Singletary,PF,6-8,240,N/A,Elizabeth City State,Jr,2005 NBA Draft,0
663,2001,Derick Singleton,PF,6-8,210,N/A,Saint Paul's,Jr,2002 NBA Draft,0
664,2005,Marcus Slaughter,PF,6-9,230,"Mar 18, 1985",San Diego State,So,2006 NBA Draft,0
665,2009,Donald Sloan,SG,6-3,205,"Jan 15, 1988",Texas A&M,Jr,2010 NBA Draft,5
666,2020,Ja'Vonte Smart,SG,6-4,205,"Jun 3, 1999",LSU,So,2021 NBA Draft,0
667,2019,Ja'Vonte Smart,SG,6-4,205,"Jun 3, 1999",LSU,Fr,2021 NBA Draft,0
668,2020,Chris Smith,SF,6-8,215,"Dec 24, 1999",UCLA,Jr,2021 NBA Draft,0
669,2020,Collin Smith,C,6-11,240,"Apr 5, 1998",UCF,Jr,N/A,0
670,2020,Justin Smith,SF,6-7,230,"Mar 1, 1999",Arkansas,Jr,2021 NBA Draft,0
671,2019,Justin Smith,SF,6-7,230,"Mar 1, 1999",Arkansas,So,2021 NBA Draft,0
672,2008,Kiwan Smith,SF,6-7,210,N/A,Talladega,So,2010 NBA Draft,0
673,2020,Mitchell Smith,C,6-10,221,"Oct 28, 1997",Missouri,Jr,N/A,0
674,2020,Stef Smith,PG,6-2,190,"Jun 27, 1999",St. John's,Jr,N/A,0
675,2005,Steven Smith,PF,6-9,255,"Apr 12, 1983",La Salle,Jr,2006 NBA Draft,1
676,2002,Theron Smith,PF,6-8,225,"Oct 3, 1980",Ball State,Jr,2003 NBA Draft,2
677,2005,Tim Smith,PG,5-9,155,"Feb 7, 1982",East Tennessee State,Jr,2006 NBA Draft,0
678,2010,Tracy Smith,PF,6-8,255,"Jan 20, 1988",NC State,Jr,2011 NBA Draft,0
679,2009,Tyler Smith,SF,6-7,210,"Sep 4, 1986",Tennessee,Jr,2010 NBA Draft,0
680,2017,Zach Smith,SF,6-8,220,"Jan 5, 1996",Texas Tech,Jr,2018 NBA Draft,0
681,2019,Derrik Smits,C,7-1,235,"Sep 6, 1996",Butler,Jr,2020 NBA Draft,0
682,2019,Xavier Sneed,SF,6-5,215,"Dec 21, 1997",Kansas State,Jr,2020 NBA Draft,0
683,2005,B.J. Spencer,SG,6-4,190,"Jan 21, 1984",Jacksonville State,Jr,2006 NBA Draft,0
684,2020,Ben Stanley,SF,6-6,225,"Mar 12, 1998",Xavier,So,N/A,0
685,2008,Ronald Steele,PG,6-1,191,"Apr 22, 1986",Alabama,RS-Jr,2009 NBA Draft,0
686,2019,Lamar Stevens,SF,6-8,225,"Jul 9, 1997",Penn State,Jr,2020 NBA Draft,1
687,1996,Kebu Stewart,PF,6-8,239,"Dec 19, 1973",Cal State Bakersfield,Jr,1997 Rnd 2,3
688,2020,Parker Stewart,SG,6-5,200,"Jul 5, 1998",Indiana,So,N/A,0
689,2017,Kamau Stokes,PG,6-0,170,"Sep 26, 1995",Kansas State,So,2019 NBA Draft,0
690,2004,Jay Straight,PG,5-11,178,"Jan 4, 1983",Wyoming,Jr,2005 NBA Draft,0
691,2021,Deon Stroud,GF,6-5,190,"Sep 6, 2000",Fresno State,So,N/A,0
692,2016,Caleb Swanigan,C,6-9,260,"Apr 18, 1997",Purdue,Fr,2017 Rnd 1,3
693,2009,Jonathan Tavernari,SF,6-6,215,"Jun 18, 1987",Brigham Young,Jr,2010 NBA Draft,0
694,2018,Deshon Taylor,PG,6-2,185,"Mar 17, 1996",Fresno State,Jr,2019 NBA Draft,0
695,2021,Maleek Taylor,SG,6-5,205,"Sep 20, 1996",Allen,Sr,N/A,0
696,2019,Marlon Taylor,SG,6-5,209,"Aug 16, 1997",LSU,Jr,2020 NBA Draft,0
697,2016,Rakish Taylor,C,6-7,235,"Sep 3, 1993",Anderson (SC),Jr,2018 NBA Draft,0
698,2012,Raymond Taylor,PG,5-6,145,"Oct 27, 1990",Florida International,Jr,2014 NBA Draft,0
699,2020,Terry Taylor,GF,6-5,230,"Sep 23, 1999",Austin Peay,Jr,2021 NBA Draft,0
700,2011,Tony Taylor,PG,6-1,190,"Aug 9, 1990",George Washington,Jr,2012 NBA Draft,0
701,2020,MaCio Teague,PG,6-3,195,"Jun 11, 1997",Baylor,Jr,2021 NBA Draft,0
702,2016,Ethan Telfair,PG,6-0,175,"Oct 6, 1994",Idaho State,Jr,2017 NBA Draft,0
703,2003,Chris Thomas,PG,6-1,180,"Oct 3, 1982",Notre Dame,So,2005 NBA Draft,0
704,1997,Dawood Thomas,SG,6-4, ,N/A,Mount Aloysius College,Jr,1998 NBA Draft,0
705,2020,Justin Thomas,PG,5-11,185,"Dec 27, 1997",Alcorn State,Jr,N/A,0
706,2009,Malcolm Thomas,PF,6-9,225,"Nov 8, 1988",San Diego State,So,2011 NBA Draft,4
707,2017,James Thompson IV,C,6-10,240,"Jan 18, 1995",Eastern Michigan,So,2019 NBA Draft,0
708,2004,Dijon Thompson,G-F,6-7,195,"Mar 23, 1983",UCLA,Jr,2005 Rnd 2,2
709,2020,Ethan Thompson,SG,6-5,195,"May 4, 1999",Oregon State,Jr,2021 NBA Draft,0
710,2019,Ethan Thompson,SG,6-5,195,"May 4, 1999",Oregon State,So,2021 NBA Draft,0
711,2011,Hollis Thompson,SF,6-8,206,"Apr 3, 1991",Georgetown,So,2012 NBA Draft,4
712,2017,Stevie Thompson,SG,6-4,190,"Mar 23, 1997",Oregon State,So,2019 NBA Draft,0
713,2016,Trevor Thompson,PF,7-0,250,"Jun 12, 1994",Ohio State,So,2017 NBA Draft,0
714,2011,"Thomas Tibbs, Jr.",PG,5-10, ,N/A,Staten Island,Jr,2012 NBA Draft,0
715,2019,Killian Tillie,C,6-10,220,"Mar 5, 1998",Gonzaga,Jr,2020 NBA Draft,1
716,2019,Donnie Tillman,SF,6-7,225,"Aug 3, 1999",New Mexico State,So,N/A,0
717,2020,Jeremiah Tilmon,C,6-10,260,"Nov 25, 1998",Missouri,Jr,2021 NBA Draft,0
718,2019,Tres Tinkle,SF,6-7,225,"Jun 3, 1996",Oregon State,Jr,2020 NBA Draft,0
719,2007,Spencer Tollackson,C,6-9,260,"Nov 29, 1985",Minnesota,Jr,2008 NBA Draft,0
720,2019,Obi Toppin,PF,6-9,193,"Mar 4, 1998",Dayton,Fr,2020 Rnd 1,1
721,2021,Clyde Trapp,SG,6-4,200,"Dec 23, 1998",Charlotte,Sr,N/A,0
722,2018,Reid Travis,PF,6-8,238,"Nov 25, 1995",Kentucky,Jr,2019 NBA Draft,0
723,2016,Melo Trimble,PG,6-3,195,"Feb 2, 1995",Maryland,So,2017 NBA Draft,0
724,1999,Tyron Triplett,,6-1,200,N/A,Chicago State,Jr (Ineligible),2000 NBA Draft,0
725,2019,Justin Turner,SG,6-4,205,"Mar 12, 1998",Bowling Green,So,2021 NBA Draft,0
726,2010,Alex Tyus,PF,6-8,220,"Jan 8, 1988",Florida,Jr,2011 NBA Draft,0
727,2021,Stanley Umude,SG,6-6,210,"Apr 12, 1999",Arkansas,Sr,N/A,0
728,2008,Robert Vaden,SG/PF,6-5,220,"Mar 3, 1985",UAB,Jr,2009 Rnd 2,1
729,2009,Jarvis Varnado,PF,6-9,230,"Mar 1, 1988",Mississippi State,Jr,2010 Rnd 2,2
730,2009,Greivis Vasquez,PG,6-6,217,"Jan 16, 1987",Maryland,Jr,2010 Rnd 1,7
731,2021,"Alonzo Verge, Jr.",PG,6-3,170,"Oct 17, 1998",Nebraska,Sr,N/A,0
732,2020,"Alonzo Verge, Jr.",PG,6-3,170,"Oct 17, 1998",Nebraska,Jr,N/A,0
733,2018,Lagerald Vick,SG,6-5,190,"Jan 12, 1997",Kansas,Jr,2019 NBA Draft,0
734,2006,Jontae Vinson,SG,6-4, ,N/A, ,,2007 NBA Draft,0
735,2018,Christian Vital,PG,6-2,187,"Mar 21, 1997",Connecticut,So,2020 NBA Draft,0
736,2020,Chris Vogt,C,7-1,260,"Feb 8, 1999",Wisconsin,Jr,N/A,0
737,2006,Ian Vougioukas,FC,6-10,270,"May 31, 1985",Saint Louis,Jr,2007 NBA Draft,0
738,2008,Lorrenzo Wade,SF,6-6,220,"Nov 23, 1985",San Diego State,Jr,2009 NBA Draft,0
739,2017,Moe Wagner,PF,6-11,245,"Apr 26, 1997",Michigan,So,2018 Rnd 1,3
740,2021,C.J. Walker,SF,6-8,205,"Mar 29, 2001",UCF,So,N/A,0
741,2020,C.J. Walker,PG,6-1,205,"Mar 24, 1997",Ohio State,Jr,N/A,0
742,2018,Jaylin Walker,SG,6-2,180,"Jul 26, 1997",Kent State,Jr,2019 NBA Draft,0
743,2009,Martez Walker,, , ,N/A, ,,2012 NBA Draft,0
744,2017,Tevonn Walker,PG,6-2,210,"Nov 7, 1993",Valparaiso,Jr,2018 NBA Draft,0
745,1995,John Wallace,PF,6-8,225,"Feb 9, 1974",Syracuse,Jr,1996 Rnd 1,7
746,2018,Nick Ward,C,6-9,245,"Sep 2, 1997",Michigan State,So,2019 NBA Draft,0
747,2021,"Richard Washington, Jr.",SF,6-6,185,"Mar 20, 1997",San Jose State,Sr,N/A,0
748,2009,Michael Washington,PF,6-9,240,"Oct 2, 1986",Arkansas,Jr,2010 NBA Draft,0
749,2018,P.J. Washington,PF,6-7,236,"Aug 23, 1998",Kentucky,Fr,2019 Rnd 1,2
750,2018,Tremont Waters,PG,5-10,175,"Jan 10, 1998",LSU,Fr,2019 Rnd 2,2
751,2020,Trendon Watford,SF,6-9,240,"Nov 9, 2000",LSU,Fr,2021 NBA Draft,0
752,2010,Quinton Watkins,SG,6-4,185,"Mar 11, 1988",Cal State Los Angeles,Trans,2014 NBA Draft,0
753,2020,Ibi Watson,SG,6-5,200,"Jan 6, 1998",Dayton,Jr,2021 NBA Draft,0
754,2016,Mo Watson,PG,5-10,170,"Mar 8, 1993",Creighton,Jr,2017 NBA Draft,0
755,2008,Gordon Watt,SF,6-6,213,"Mar 20, 1986",Houston Baptist,Jr,2009 NBA Draft,0
756,2018,Quinndary Weatherspoon,SG,6-3,205,"Sep 10, 1996",Mississippi State,Jr,2019 Rnd 2,2
757,2006,Albert Weber,PG,6-3,180,"May 19, 1985",Alabama,So,2008 NBA Draft,0
758,2007,Isaac Wells,PF,6-8,225,"Aug 18, 1985",Arkansas State,Jr,2008 NBA Draft,0
759,2017,Thomas Welsh,C,7-0,255,"Feb 3, 1996",UCLA,Jr,2018 Rnd 2,1
760,2019,Kaleb Wesson,C,6-9,270,"Jul 29, 1999",Ohio State,So,2020 NBA Draft,0
761,2020,Jarrod West,PG,5-11,180,N/A,Louisville,Jr,N/A,0
762,2011,Charlie Westbrook,SG,6-4,196,"Aug 21, 1989",South Dakota,Jr,2012 NBA Draft,0
763,2021,Sahvir Wheeler,PG,5-9,180,"Jan 17, 2001",Kentucky,So,N/A,0
764,2016,Andrew White,SF,6-7,210,"Jun 16, 1993",Syracuse,Jr,2017 NBA Draft,1
765,2018,Andrien White,PG,6-3,190,"Dec 3, 1996",Wake Forest,Jr,2020 NBA Draft,0
766,2021,Fabian White,PF,6-8,230,"Nov 29, 1998",Houston,Sr,N/A,0
767,2005,James White,SG/SF,6-7,215,"Oct 21, 1982",Cincinnati,Jr,2006 Rnd 2,3
768,2000,Joe White,C,6-10,237,"Dec 15, 1979",Texas A&M,So,2002 NBA Draft,0
769,2020,Romello White,PF,6-8,235,"May 9, 1998",Ole Miss,Jr,2021 NBA Draft,0
770,2007,Terrance Whiters,PG,5-11,175,"Jan 27, 1983",Arkansas Tech,RS-Fr,2009 NBA Draft,0
771,2019,Jimmy Whitt,PG,6-3,175,"Jan 9, 1997",Arkansas,Jr,2020 NBA Draft,0
772,2019,Joe Wieskamp,SF,6-6,210,"Aug 23, 1999",Iowa,Fr,2021 Rnd 2,0
773,2018,Demajeo Wiggins,PF,6-9,240,"Aug 10, 1997",Bowling Green,Jr,2019 NBA Draft,0
774,2018,Lindell Wigginton,PG,6-1,189,"Mar 28, 1998",Iowa State,Fr,2019 NBA Draft,0
775,2017,Thomas Wilder,PG,6-3,185,"May 14, 1995",Western Michigan,Jr,2018 NBA Draft,0
776,2018,Austin Wiley,C,6-11,260,"Jan 8, 1999",Auburn,So,2020 NBA Draft,0
777,2018,Kris Wilkes,SF,6-8,205,"Sep 18, 1998",UCLA,Fr,2019 NBA Draft,0
778,2001,Damien Wilkins,SG/SF,6-6,225,"Jan 11, 1980",Georgia,So,2004 NBA Draft,10
779,2019,C.J. Williams,SG,6-6,188,"Sep 11, 1996",Howard,Jr,2020 NBA Draft,0
780,2017,Cecil Williams,SF,6-6,215,"May 28, 1995",Central Michigan,Jr,2018 NBA Draft,0
781,2020,DeAndre Williams,SF,6-9,190,"Oct 4, 1996",Memphis,So,N/A,0
782,2019,Emmitt Williams,PF,6-6,225,"Nov 15, 1998",LSU,Fr,2020 NBA Draft,0
783,2005,Eric Williams,C,6-9,280,"Mar 26, 1984",Wake Forest,Jr,2006 NBA Draft,0
784,2017,Johnathan Williams,PF,6-9,228,"May 22, 1995",Gonzaga,Jr,2018 NBA Draft,2
785,2021,"Jeenathan Williams, Jr.",SG,6-5,206,"Feb 12, 1999",Buffalo,Jr,N/A,0
786,2017,Kam Williams,PG,6-2,185,"Aug 17, 1994",Ohio State,Jr,2018 NBA Draft,0
787,2021,Keith Williams,SG,6-5,215,"Jul 25, 1998",Cincinnati,Sr,N/A,0
788,2020,Keith Williams,SG,6-5,215,"Jul 25, 1998",Cincinnati,Jr,N/A,0
789,2021,Trevion Williams,C,6-10,280,"Sep 16, 2000",Purdue,Jr,N/A,0
790,2017,Christian Wilson,PG,6-2,170,"Nov 4, 1994",Texas-San Antonio,Jr,2018 NBA Draft,0
791,2021,Jalen Wilson,PF,6-8,220,"Nov 4, 2000",Kansas,Fr,N/A,0
792,2021,Sidney Wilson,SF,6-7,180,"Apr 10, 1999",SIU-Edwardsville,Jr,N/A,0
793,2016,Alec Wintering,PG,5-11,170,"Apr 26, 1995",Portland,Jr,2017 NBA Draft,0
794,2009,Jeremy Wise,PG,6-2,185,"Mar 13, 1986",Bakersfield Jam,1986 DOB,2010 NBA Draft,0
795,2009,Nic Wise,PG,5-10,180,"Sep 8, 1987",Arizona,Jr,2010 NBA Draft,0
796,2021,Isaiah Wong,PG,6-3,180,"Jan 28, 2001",Miami (FL),RS-Fr,N/A,0
797,2011,Brandon Wood,PG,6-2,190,"Jan 5, 1989",Michigan State,Jr,2012 NBA Draft,0
798,2016,Zeek Woodley,PG,6-2,209,"Jul 21, 1994",Northwestern State,Jr,2017 NBA Draft,0
799,2019,Holland Woods,PG,6-1,180,"Nov 13, 1998",Grand Canyon,So,N/A,0
800,2010,Chris Wright,PF,6-8,225,"Sep 30, 1988",Dayton,Jr,2011 NBA Draft,2
801,2020,McKinley Wright,PG,6-0,196,"Oct 25, 1998",Colorado,Jr,2021 NBA Draft,0
802,2008,Raymond Wright,PF,6-9,220,"Apr 11, 1985",Arkansas-Monticello,Jr,2009 NBA Draft,0
803,2018,Justin Wright-Foreman,SG,6-2,190,"Oct 27, 1997",Hofstra,Jr,2019 Rnd 2,1
804,2021,Jacob Young,SG,6-2,185,"Sep 21, 1997",Oregon,Sr,N/A,0
805,2017,Omer Yurtseven,C,7-0,265,"Jun 19, 1998",Georgetown,Fr,2020 NBA Draft,1
806,2003,Nick Zachery,PG,6-3,205,"May 9, 1979",Little Rock,Jr,2004 NBA Draft,0
