,Player,Pos,HT,WT,Age,YOS,Pre-Draft Team,Class,Nationality,draft_year
0,Malik Allen,F,6-10,255,22,11,Villanova,Sr,United States,2000
1,Eddie Gill,PG,6-0,190,21,8,Weber State,Sr,United States,2000
2,Ime Udoka,G-F,6-5,220,22,8,Portland State,Sr,United States / Nigeria,2000
3,Richie Frahm,G,6-5,210,22,5,Gonzaga,Sr,United States,2000
4,Pepe Sanchez,G,6-4,203,23,4,Temple,Sr,Argentina,2000
5,Nick Sheppard,C,6-11,270,23,3,Pepperdine,Sr,United States,2000
6,Jameel Watkins,FC,6-11,255,22,3,Georgetown,Sr,United States,2000
7,Jimmie Hunter,SG,6-4,180,22,2,Life,So *,United States,2000
8,Paul McPherson,G,6-4,210,21,2,DePaul,Jr *,United States,2000
9,Gabe Muoneke,F,6-7,250,22,2,Texas,Sr,United States / Nigeria,2000
10,Mike Penberthy,SG,6-3,185,25,2,Master's College,Sr,United States,2000
11,Mike Batiste,F,6-8,225,22,1,Arizona State,Sr,United States,2000
12,Kevin Freeman,F,6-7,235,22,1,Connecticut,Sr,United States,2000
13,Ron Hale,PF,6-8,210,22,1,Florida State,Sr,United States,2000
14,Billy Keys,PG,6-2,205,22,1,New Mexico State,Sr,United States,2000
15,Justin Love,G,6-2,210,21,1,Saint Louis,Sr,United States,2000
16,Terrance Roberson,F,6-7,215,23,1,Fresno State,Sr,United States,2000
17,Alex Scales,G,6-4,180,21,3,Oregon,Sr,United States,2000
18,Brandon Kurtz,C,6-10,255,22,2,Tulsa,Sr,United States,2000
19,Guy Rucker,C,6-11,265,22,2,Iowa,Sr,United States,2000
20,Desmond Ferguson,SF,6-7,203,22,1,Detroit-Mercy,Sr,United States,2000
21,Terrence Shannon,SF,6-8,205,20,1,Gary Steelheads (United States),1979 DOB,United States,2000
22,Brad Stricker,C,6-11,260,22,0,Georgia State,Sr,United States,2000
23,Maurice Evans,G-F,6-5,220,22,10,Texas,Jr *,United States,2001
24,Carlos Arroyo,PG,6-2,202,21,9,Florida International,Sr,Puerto Rico / United States,2001
25,Mike Wilks,G,5-10,185,22,9,Rice,Sr,United States,2001
26,Charlie Bell,G,6-3,200,22,7,Michigan State,Sr,United States,2001
27,Jamario Moon,F,6-8,205,21,5,Meridian,So *,United States,2001
28,Tierre Brown,G,6-2,189,22,4,McNeese State,Sr,United States,2001
29,Tang Hamilton,PF,6-8,220,23,4,Mississippi State,Sr,United States,2001
30,Paul Shirley,PF,6-10,230,23,4,Iowa State,Sr,United States,2001
31,Joe Crispin,G,6-0,185,21,3,Penn State,Sr,United States,2001
32,Norman Richardson,SG,6-5,190,21,3,Hofstra,Sr,United States,2001
33,Dean Oliver,PG,5-11,180,22,2,Iowa,Sr,United States,2001
34,Ratko Varda,C,6-10,260,22,2,KK Partizan (Serbia),1979 DOB,Bosnia and Herzegovina,2001
35,Reggie Butler,C,6-10,270,23,1,Xavier,Sr,United States,2001
36,Casey Calvary,F,6-8,230,22,1,Gonzaga,Sr,Germany / United States,2001
37,Kimani Ffriend,C,6-11,220,23,1,Nebraska,Sr,Jamaica,2001
38,Nate James,GF,6-6,200,23,1,Duke,Sr,United States,2001
39,Horace Jenkins,G,6-1,180,26,1,William Paterson,Sr,United States,2001
40,Mike King,SG,6-4,180,23,1,George Washington,Sr,United States,2001
41,Brent Wright,F,6-8,235,23,1,Florida,Sr,United States,2001
42,Neil Yanke,C,6-11,270,22,1,Yale,Sr,United States,2001
43,Tyrone Ellis,SG,6-4,198,23,0,Southern Nazarene,Sr,United States,2001
44,Rob Griffin,F,6-6,215,23,0,Iowa,Jr *,United States,2001
45,Ondrej Starosta,C,7-1,259,22,0,Real Madrid (Spain),1979 DOB,France / Czech Republic,2001
46,Carey Williams,PG,6-3,215,24,0,Alabama State,Sr,United States / Jamaica,2001
47,Andres Nocioni,F,6-7,225,21,8,Baskonia (Spain),1979 DOB,Argentina,2001
48,Walter Herrmann,F,6-9,225,22,3,Unicaja (Spain),1979 DOB,Argentina,2001
49,Cezary Trybanski,C,7-2,240,21,3,MKS Pruszkow (Poland),1979 DOB,Poland,2001
50,David Jackson,F,6-5,215,22,2,Oregon,Sr,United States,2001
51,Samo Udrih,G,6-5,201,21,0,Union Olimpija (Slovenia),1979 DOB,Slovenia,2001
52,Udonis Haslem,FC,6-8,235,22,18,Florida,Sr,United States,2002
53,Reggie Evans,PF,6-8,245,22,13,Iowa,Sr,United States,2002
54,Jannero Pargo,PG,6-1,185,22,12,Arkansas,Sr,United States,2002
55,Devin Brown,SF,6-5,220,23,8,Texas-San Antonio,Sr,United States,2002
56,Smush Parker,G,6-4,190,21,6,Fordham,So *,United States,2002
57,Josh Davis,F,6-8,235,21,4,Wyoming,Sr,United States,2002
58,Junior Harrington,G,6-4,180,21,4,Wingate,Sr,United States,2002
59,Keith McLeod,G,6-2,190,22,4,Bowling Green,Sr,United States,2002
60,Tommy Adams,G,6-3,205,22,3,Hampton,Sr,United States,2002
61,Awvee Storey,F-G,6-6,222,25,3,Arizona State,Sr,United States,2002
62,J.R. Bremer,SG,6-2,185,21,2,St. Bonaventure,Sr,United States,2002
63,Lynn Greer,SG,6-2,175,22,2,Temple,Sr,United States,2002
64,Adam Harrington,G,6-5,200,21,2,Auburn,Jr *,United States,2002
65,Lonnie Jones,C,7-0,228,22,2,Ball State,Sr,United States,2002
66,George Williams,F,6-8,220,21,2,Houston,Jr *,United States,2002
67,Maurice Baker,G,6-1,195,21,1,Oklahoma State,Sr,United States,2002
68,Alpha Bangura,F-G,6-4,215,22,1,St. John's,Sr,United States / Libya,2002
69,Steven Barber,G,5-10,160,22,1,Texas-Arlington,Sr,United States,2002
70,David Blu,F,6-7,225,21,1,USC,Sr,United States / Israel,2002
71,Marcus Fleming,PF,6-8,215,23,1,Alcorn State,Sr,United States,2002
72,Anthony Grundy,G,6-3,180,23,1,NC State,Sr,United States,2002
73,Kris Lang,FC,6-11,246,22,1,North Carolina,Sr,United States,2002
74,Kevin Lyde,F,6-10,260,22,1,Temple,Sr,United States,2002
75,Arvydas Macijauskas,G,6-4,215,22,1,Baskonia (Spain),1980 DOB,Lithuania,2002
76,Luke Recker,G,6-6,210,24,1,Iowa,Sr,United States,2002
77,Brooks Sales,FC,6-10,240,22,1,Villanova,Sr,United States,2002
78,Predrag Savovic,G,6-6,225,26,1,Hawaii,Sr,Croatia,2002
79,Jefferson Sobral,F,6-8,210,22,1,COC-Ribeirao Preto (Brazil),1980 DOB,Brazil,2002
80,Kevin Braswell,G,6-2,190,23,0,Georgetown,Sr,United States,2002
81,Rashid Byrd,C,7-1,240,20,0,Eastern Oklahoma State CC,Fr *,United States,2002
82,Jason Capel,F,6-7,245,22,0,North Carolina,Sr,United States,2002
83,Leon Rodgers,SG,6-6,217,22,0,Northern Illinois,Sr,United States,2002
84,Tyler Smith,F,6-8,230,22,0,Penn State,Sr,United States,2002
85,D.J. Mbenga,FC,7-0,255,21,7,OpenJobMetis Varese (Italy),1980 DOB,Democratic Republic of the Congo / Belgium,2002
86,Linton Johnson,F,6-8,205,22,6,Tulane,Sr,United States,2002
87,Alex Garcia,G-F,6-2,220,22,2,COC-Ribeirao Preto (Brazil),1980 DOB,Brazil,2002
88,Jose Calderon,G,6-3,200,21,14,Baskonia (Spain),1981 DOB,Spain,2003
89,Matt Carroll,GF,6-6,212,22,10,Notre Dame,Sr,United States,2003
90,Marquis Daniels,SF,6-6,200,22,10,Auburn,Sr,United States,2003
91,Earl Barron,C,7-0,250,21,9,Memphis,Sr,United States,2003
92,Josh Powell,FC,6-9,225,20,8,NC State,So *,United States,2003
93,Quinton Ross,GF,6-6,195,22,8,Southern Methodist,Sr,United States,2003
94,Ronald Dupree,F,6-7,209,22,6,LSU,Sr,United States,2003
95,James Singleton,F,6-8,230,21,5,Murray State,Sr,United States,2003
96,Melvin Sanders,SG,6-5,210,22,3,Oklahoma State,Sr,United States,2003
97,Carl English,SG,6-4,205,22,2,Hawaii,Jr *,Canada,2003
98,Marcus Hatten,PG,6-1,165,22,2,St. John's,Sr,United States,2003
99,Jerry Holman,F-C,6-10,222,23,2,Minnesota,Sr,United States,2003
100,Britton Johnsen,F,6-10,210,23,2,Utah,Sr,United States,2003
101,Josh Moore,C,7-2,317,22,2,Zhejiang Chouzhou (China),1980 DOB,United States,2003
102,Desmond Penigar,F,6-7,245,21,2,Utah State,Sr,United States,2003
103,Kirk Penney,G,6-5,220,22,2,Wisconsin,Sr,New Zealand,2003
104,Kasib Powell,F,6-7,215,22,2,Texas Tech,Sr,United States,2003
105,Theron Smith,F,6-8,225,22,2,Ball State,Sr,United States,2003
106,Yuta Tabuse,PG,5-8,165,22,2,BYU-Hawaii,Sr,Japan,2003
107,Ray Young,G,6-4,215,23,2,UCLA,Sr,United States,2003
108,Tony Bland,G,6-5,201,23,1,San Diego State,Sr,United States,2003
109,Jermaine Boyette,G,6-2,190,24,1,Weber State,Sr,United States,2003
110,Kevin Burleson,G,6-3,205,23,1,Minnesota,Sr,United States,2003
111,Brian Chase,PG,5-10,180,21,1,Virginia Tech,Sr,United States,2003
112,Noel Felix,F-C,6-9,235,21,1,Fresno State,Sr,United States,2003
113,Hiram Fuller,F,6-9,240,22,1,Fresno State,Sr,United States / Libya,2003
114,Brandin Knight,G,6-0,180,21,1,Pittsburgh,Sr,United States,2003
115,Chris Marcus,C,7-1,285,23,1,Western Kentucky,Sr,United States,2003
116,Antonio Meeking,F,6-8,245,21,1,Louisiana Tech,Sr,United States,2003
117,Marque Perry,G,6-1,185,22,1,Saint Louis,Sr,United States,2003
118,Jon Smith,F,6-8,220,20,1,Bowie State,Sr,United States,2003
119,Jon Stefansson,G,6-5,200,20,1,Gladiators Trier (Germany),1982 DOB *,Iceland,2003
120,Chris Alexander,C,7-1,260,22,0,Iowa State,Jr *,United States,2003
121,LaVell Blanchard,F,6-7,215,22,0,Michigan,Sr,United States,2003
122,Willie Deane,PG,6-1,196,23,0,Purdue,Sr,United States,2003
123,Ricardo Marsh,F,6-8,240,21,0,Old Dominion,Sr,United States,2003
124,Joe Shipp,SG,6-5,220,22,0,California,Sr,United States,2003
125,Cory Underwood,F-C,6-10,235,23,0,Southern,Sr,United States,2003
126,Anthony Wilkins,F,6-7,225,22,0,Kent State,Sr,United States,2003
127,Ezra Williams,G,6-4,235,22,0,Georgia,Sr,United States,2003
128,Omar Barlett,F,6-8,234,23,0,Jacksonville State,Sr,United States,2003
129,Cheyne Gadson,SG,6-3,190,22,0,Oklahoma State,Sr,United States,2003
130,Seung-Jun Lee,C,6-9,225,25,0,Seattle Pacific,Sr,United States / South Korea,2003
131,Justin Rowe,C,7-0,235,23,0,Maine,Sr,United States,2003
132,Damien Wilkins,GF,6-6,225,24,10,Georgia,Sr,United States,2004
133,Hamed Haddadi,C,7-2,265,19,5,Saba Mehr Qazvin BC (Iran),1985 DOB *,Iran,2004
134,Andre Barrett,PG,5-10,173,22,4,Seton Hall,Sr,United States,2004
135,Andre Brown,FC,6-9,245,23,4,DePaul,Sr,United States,2004
136,Jackie Butler,C,6-10,250,19,3,Coastal Christian Academy (Virginia),1985 DOB *,United States,2004
137,Desmon Farmer,G,6-5,215,22,3,USC,Sr,United States,2004
138,Jared Reiner,C,6-11,255,22,3,Iowa,Sr,United States,2004
139,Pero Antic,C,6-11,260,21,2,AEK Athens (Greece),1982 DOB,North Macedonia,2004
140,John Edwards,C,7-0,275,22,2,Kent State,Sr,United States,2004
141,Gerald Fitch,G,6-3,188,21,2,Kentucky,Sr,United States,2004
142,James Thomas,F,6-8,235,23,2,Texas,Sr,United States,2004
143,Tony Bobbitt,G,6-4,205,24,1,Cincinnati,Sr,United States,2004
144,Erik Daniels,F,6-8,214,22,1,Kentucky,Sr,United States,2004
145,Kyle Davis,F-C,6-9,245,22,1,Auburn,Sr,United States,2004
146,Nigel Dixon,C,6-11,320,23,1,Western Kentucky,Sr,United States,2004
147,Jerry Dupree,F,6-7,200,22,1,Bakersfield Jam,1981 DOB,United States,2004
148,Anwar Ferguson,C,7-0,200,22,1,Houston,Sr,Bahamas,2004
149,Sean Finn,FC,7-0,240,22,1,Dayton,Sr,United States,2004
150,David Hawkins,G,6-4,220,21,1,Temple,Sr,United States,2004
151,Arthur Johnson,FC,6-9,255,22,1,Missouri,Sr,United States,2004
152,Nate Johnson,G,6-3,183,23,1,Florida State,Sr,United States,2004
153,Mark Jones,SF,6-6,215,29,1,UCF,Sr,United States,2004
154,Renaldo Major,F,6-6,210,22,1,Fresno State,Sr,United States,2004
155,Rich Melzer,PF,6-7,225,24,1,Wisconsin-River Falls,Sr,United States,2004
156,Adam Parada,C,7-0,265,22,1,UC Irvine,Sr,United States / Mexico,2004
157,Darius Rice,F,6-10,222,21,1,Miami (FL),Sr,United States,2004
158,Adam Chubb,C,6-10,235,22,0,Pennsylvania,Sr,United States,2004
159,Justin Davis,F,6-9,230,23,0,Stanford,Sr,United States,2004
160,Charles Gaines,F,6-8,238,22,0,Southern Mississippi,Sr,United States,2004
161,Bryant Matthews,F,6-7,215,22,0,Virginia Tech,Sr,United States,2004
162,Scott Merritt,FC,6-10,240,22,0,Marquette,Sr,United States,2004
163,Toree Morris,C,6-10,275,22,0,Pittsburgh,Sr,United States,2004
164,Roderick Riley,C,6-11,327,23,0,Prairie View A&M,Sr,United States,2004
165,Brandon Robinson,F,6-8,215,23,0,Auburn,Sr,United States,2004
166,Cory Violette,F,6-8,265,22,0,Gonzaga,Sr,United States,2004
167,Nate Williams,FC,6-11,225,23,1,Georgia State,Sr,United States,2004
168,Zhang Kai,FC,6-11,209,21,0,Shenzhen (China),1982 DOB,China,2004
169,Herve Lamizana,F,6-10,215,23,0,Rutgers,Sr,Ivory Coast,2004
170,Jamar Smith,F,6-9,239,23,0,Maryland,Sr,United States,2004
171,Ronnie Price,G,6-2,190,22,12,Utah Valley,Sr,United States,2005
172,Chuck Hayes,PF,6-6,240,22,11,Kentucky,Sr,United States,2005
173,John Lucas,PG,5-11,166,22,9,Oklahoma State,Sr,United States,2005
174,Alan Anderson,GF,6-6,220,22,8,Michigan State,Sr,United States,2005
175,Will Bynum,G,6-0,185,22,8,Georgia Tech,Sr,United States,2005
176,Shavlik Randolph,F,6-10,236,21,8,Duke,Jr *,United States,2005
177,Kelenna Azubuike,F-G,6-5,220,21,6,Kentucky,Jr *,England / Nigeria,2005
178,Stephen Graham,GF,6-6,215,23,6,Oklahoma State,Sr,United States,2005
179,Dwayne Jones,C,6-11,248,22,6,Saint Joseph's,Jr *,United States,2005
180,Mike Harris,F,6-6,242,22,4,Rice,Sr,United States,2005
181,Will Conroy,G,6-2,195,22,3,Washington,Sr,United States,2005
182,Anthony Roberson,SG,6-3,198,22,3,Florida,Jr *,United States,2005
183,Jawad Williams,F,6-9,225,22,3,North Carolina,Sr,United States,2005
184,Marcelinho Huertas,PG,6-3,200,22,2,Joventut Badalona (Spain),1983 DOB,Brazil,2005
185,Rawle Marshall,SF,6-7,190,23,2,Oakland,Sr,Guyana,2005
186,Andre Owens,G,6-4,200,24,2,Houston,Sr,United States,2005
187,Luke Schenscher,C,7-1,255,22,2,Georgia Tech,Sr,Australia,2005
188,Donell Taylor,G,6-6,180,23,2,UAB,Sr,United States,2005
189,Lance Allred,C,6-11,250,24,1,Weber State,Sr,United States,2005
190,Sean Banks,F,6-8,210,20,1,Memphis,So *,United States,2005
191,Eddie Basden,G,6-5,215,22,1,Charlotte,Sr,United States,2005
192,Sharrod Ford,PF,6-9,242,22,1,Clemson,Sr,United States,2005
193,Deng Gai,F,6-9,250,23,1,Fairfield,Sr,South Sudan / United States,2005
194,Devin Green,GF,6-7,210,22,1,Hampton,Sr,United States,2005
195,Keith Langford,G,6-4,202,21,1,Kansas,Sr,United States,2005
196,Aaron Miles,G,6-1,175,22,1,Kansas,Sr,United States,2005
197,Kevinn Pinkney,FC,6-10,245,21,1,Nevada,Sr,United States,2005
198,Roger Powell,F,6-6,235,22,1,Illinois,Sr,United States,2005
199,Matt Walsh,GF,6-6,205,22,1,Florida,Jr *,United States,2005
200,Deji Akindele,C,7-1,240,22,0,Chicago State,So *,Nigeria,2005
201,Kyle Bailey,G,6-2,200,23,0,Santa Clara,Sr,United States,2005
202,Romel Beck,GF,6-7,185,23,0,UNLV,Sr,United States / Mexico,2005
203,Elton Brown,FC,6-9,250,21,0,Virginia,Sr,United States,2005
204,Marcus Campbell,C,7-0,280,23,0,Mississippi State,Sr,United States,2005
205,Alejandro Carmona Sanchez,GF,6-5,210,22,0,Dayton,Sr,Puerto Rico / United States,2005
206,Pat Carroll,G,6-5,200,22,0,Saint Joseph's,Sr,United States,2005
207,Steve Castleberry,C,7-0,225,24,0,Rider,Sr,United States,2005
208,T.J. Cummings,F,6-9,215,23,0,UCLA,Sr,United States,2005
209,Olu Famutimi,G,6-5,220,21,0,Arkansas,So *,Canada,2005
210,D'or Fischer,FC,6-11,255,23,0,West Virginia,Sr,United States / Israel,2005
211,Otis George,F,6-9,235,23,0,Louisville,Sr,United States,2005
212,Brian Hamilton,F,6-6,205,23,0,Louisiana,Sr,United States,2005
213,Jared Homan,C,6-9,242,22,0,Iowa State,Sr,United States,2005
214,Jan Jagla,PF,6-11,231,24,0,Bayern Munich (Germany),1981 DOB,Germany,2005
215,Thomas Kelati,G,6-4,194,22,0,Washington State,Sr,United States / Poland,2005
216,Anthony Lever-Pedroza,G,6-3,185,26,0,Oregon,Sr,United States / Mexico,2005
217,Jackie Manuel,SG,6-6,188,22,0,North Carolina,Sr,United States,2005
218,Chet Mason,GF,6-4,184,24,0,Miami (OH),Sr,United States,2005
219,Scooter McFadgon,F,6-5,205,23,0,Tennessee,Sr,United States,2005
220,Tommy Mitchell,G,6-3,180,22,0,Siena,Sr,United States,2005
221,Brian Morrison,G,6-2,192,22,0,UCLA,Sr,United States,2005
222,Isma'il Muhammad,GF,6-6,230,21,0,Georgia Tech,Sr,United States,2005
223,Matt Nelson,C,7-1,270,22,0,Colorado State,Sr,United States,2005
224,Spencer Nelson,F,6-8,225,24,0,Utah State,Sr,United States / Azerbaijan,2005
225,Carlos Powell,F,6-7,225,21,0,South Carolina,Sr,United States,2005
226,Filiberto Rivera,G,6-2,175,22,0,UTEP,Sr,Puerto Rico / United States,2005
227,Ricky Shields,G,6-4,195,22,0,Rutgers,Sr,United States,2005
228,Tre Simmons,G,6-5,200,22,0,Washington,Sr,United States,2005
229,Frans Steyn,C,7-2,289,22,0,Oklahoma State,Sr,South Africa,2005
230,Omar Thomas,GF,6-5,205,23,0,UTEP,Sr,United States,2005
231,Lucas Tischer,PF,6-9,230,22,0,Sao Jose/Unimed/Vinac (Brazil),1983 DOB,Brazil,2005
232,Jeff Varem,G-F,6-6,240,21,0,Washington State,Sr,Nigeria,2005
233,Davin White,PG,6-1,185,23,0,Cal State Northridge,Sr,United States,2005
234,Donell Williams,G,6-3,-,24,0,Fayetteville State,Sr,United States,2005
235,Kennedy Winston,GF,6-6,230,20,0,Alabama,Jr *,United States,2005
236,Yakhouba Diawara,SF,6-7,225,22,4,Pepperdine,Sr,France,2005
237,Randolph Morris,C,6-11,276,19,4,Kentucky,Fr *,United States,2005
238,Esteban Batista,FC,6-10,270,21,2,Aguas de Calpe (Gibraltar),1983 DOB,Uruguay,2005
239,Ivan McFarlin,F,6-8,240,23,1,Oklahoma State,Sr,United States,2005
240,J.J. Barea,G,5-10,180,22,14,Northeastern,Sr,Puerto Rico / United States,2006
241,Lou Amundson,PF,6-9,220,23,10,UNLV,Sr,United States,2006
242,C.J. Watson,G,6-2,175,22,10,Tennessee,Sr,United States,2006
243,Chris Quinn,G,6-2,175,22,6,Notre Dame,Sr,United States,2006
244,Chris Copeland,PF,6-8,235,22,4,Colorado,Sr,United States,2006
245,Pops Mensah-Bonsu,F,6-9,235,22,4,George Washington,Sr,England / Ghana,2006
246,Tarence Kinsey,GF,6-6,185,22,3,South Carolina,Sr,United States,2006
247,Jeremy Richardson,SF,6-7,185,22,3,Delta State,Sr,United States,2006
248,Thomas Gardner,G,6-5,225,21,2,Missouri,Jr *,United States,2006
249,Chris Hunter,F-C,6-11,240,21,2,Michigan,Sr,United States,2006
250,Larry Owens,SF,6-7,215,23,2,Oral Roberts,Sr,United States,2006
251,Justin Williams,C,6-10,260,22,2,Wyoming,Sr,United States,2006
252,Cedric Bozeman,G,6-6,215,23,1,UCLA,Sr,United States,2006
253,Mike Hall,F,6-8,230,22,1,George Washington,Sr,United States,2006
254,Robert Hite,SG,6-2,184,22,1,Miami (FL),Sr,United States,2006
255,Dontell Jefferson,G,6-5,195,22,1,Arkansas,Sr,United States,2006
256,Pooh Jeter,G,5-11,176,22,1,Portland,Sr,United States / Ukraine,2006
257,Squeaky Johnson,G,5-10,180,23,1,UAB,Sr,United States,2006
258,Chris McCray,G,6-5,205,22,1,Maryland,Sr,United States,2006
259,Allan Ray,G,6-2,206,22,1,Villanova,Sr,United States,2006
260,Walker Russell,PG,6-0,175,23,1,Jacksonville State,Sr,United States,2006
261,Steven Smith,PF,6-9,255,23,1,La Salle,Sr,United States,2006
262,Darius Washington,PG,6-2,196,20,1,Memphis,So *,United States / North Macedonia,2006
263,Kenny Adeleke,F,6-8,210,23,0,Hartford,Sr,United States / Nigeria,2006
264,Akin Akingbala,PF,6-10,224,23,0,Clemson,Sr,Nigeria,2006
265,Rod Benson,FC,6-10,235,21,0,California,Sr,United States,2006
266,Brandon Bowman,F,6-9,223,21,0,Georgetown,Sr,United States,2006
267,Evan Brock,F,6-9,220,22,0,Alabama,Sr,United States,2006
268,Nik Caner-Medley,F,6-8,225,22,0,Maryland,Sr,United States / Azerbaijan,2006
269,Milone Clark,G,6-4,215,22,0,Tennessee Tech,Sr,United States,2006
270,Chris Ellis,F,6-9,265,22,0,Wake Forest,Sr,United States,2006
271,Michael Fey,C,7-0,270,23,0,UCLA,Sr,United States,2006
272,Mike Gansey,G,6-4,205,23,0,West Virginia,Sr,United States,2006
273,Taj Gray,PF,6-9,238,22,0,Oklahoma,Sr,United States,2006
274,Vincent Grier,GF,6-5,207,23,0,Minnesota,Sr,United States,2006
275,Dan Grunfeld,GF,6-6,215,22,0,Stanford,Sr,United States / Romania,2006
276,Matt Haryasz,F,6-11,230,22,0,Stanford,Sr,United States,2006
277,Antoine Hood,G,6-4,185,22,0,Air Force,Sr,United States,2006
278,Daniel Horton,SG,6-3,200,22,0,Michigan,Sr,United States,2006
279,Ron Howard,GF,6-5,185,23,0,Valparaiso,Sr,United States,2006
280,Gerry McNamara,G,6-2,182,22,0,Syracuse,Sr,United States,2006
281,Paul Miller,C,6-10,245,23,0,Wichita State,Sr,United States,2006
282,Dwayne Mitchell,G,6-6,210,23,0,Louisiana,Sr,United States,2006
283,Andre Patterson,F,6-8,215,23,0,Tennessee,Sr,United States,2006
284,Aaron Pettway,PF,6-10,240,26,0,Oklahoma State,Sr,United States,2006
285,Kevin Pittsnogle,C,6-11,250,21,0,West Virginia,Sr,United States,2006
286,Antywane Robinson,F,6-8,220,21,0,Temple,Sr,United States,2006
287,Dawan Robinson,G,6-2,195,24,0,Rhode Island,Sr,United States,2006
288,Marcus Slaughter,PF,6-9,230,21,0,San Diego State,Jr *,United States,2006
289,Curtis Stinson,SG,6-3,215,23,0,Iowa State,Jr *,United States,2006
290,Doug Thomas,F,6-9,245,22,0,Iowa,Sr,United States,2006
291,Eric Williams,PF,6-9,280,22,0,Wake Forest,Sr,United States,2006
292,Charles Lee,G,6-3,210,21,0,Bucknell,Sr,United States,2006
293,Jared Newson,G,6-5,215,21,0,Tennessee-Martin,Sr,United States,2006
294,Anthony Tolliver,PF,6-8,245,22,14,Creighton,Sr,United States,2007
295,Joel Anthony,C,6-9,245,24,10,UNLV,Sr,Canada,2007
296,Cartier Martin,F,6-7,220,22,7,Kansas State,Sr,United States,2007
297,Gary Neal,G,6-4,210,22,7,Towson,Sr,United States,2007
298,Mirza Teletovic,PF,6-9,242,21,6,Baskonia (Spain),1985 DOB,Bosnia and Herzegovina,2007
299,Bobby Brown,PG,6-2,175,22,4,Cal State Fullerton,Sr,United States,2007
300,Mustafa Shakur,SG,6-3,190,22,4,Arizona,Sr,United States,2007
301,Mario West,G,6-5,210,23,4,Georgia Tech,Sr,United States,2007
302,Blake Ahearn,G,6-3,190,23,3,Missouri State,Sr,United States,2007
303,Gustavo Ayon,C,6-10,250,22,3, ,1985 DOB,Mexico,2007
304,Trey Johnson,SF,6-5,215,22,3,Jackson State,Sr,United States / Qatar,2007
305,Andre Ingram,G,6-3,184,21,2,American University,Sr,United States,2007
306,Ivan Johnson,PF,6-8,255,23,2,Cal State San Bernardino,Sr,United States,2007
307,Coby Karl,SF,6-5,215,24,2,Boise State,Sr,United States,2007
308,Darryl Watkins,C,6-11,258,22,2,Syracuse,Sr,United States,2007
309,Eric Dawson,F,6-9,255,22,1,Midwestern State,Sr,United States,2007
310,Zabian Dowdell,G,6-3,191,22,1,Virginia Tech,Sr,United States,2007
311,Oliver Lafayette,PG,6-3,190,23,1,Houston,Sr,United States / Croatia,2007
312,Brandon Wallace,F,6-9,203,22,1,South Carolina,Sr,United States,2007
313,Zach Andrews,F,6-9,230,22,0,Bradley,Sr,United States,2007
314,Cyril Awere,C,6-11,268,22,0, ,1985 DOB,Nigeria,2007
315,Mirza Begic,C,7-3,265,21,0,Real Madrid (Spain),1985 DOB,Bosnia and Herzegovina / Slovenia,2007
316,Justin Cage,SF,6-6,225,22,0,Xavier,Sr,United States,2007
317,Warren Carter,PF,6-9,220,22,0,Illinois,Sr,United States,2007
318,Coleman Collins,PF,6-9,225,21,0,Virginia Tech,Sr,United States,2007
319,Bennet Davis,SF,6-8,220,23,0,Northeastern,Sr,Bahamas,2007
320,Dontaye Draper,PG,5-10,180,22,0,Charleston,Sr,United States / Croatia,2007
321,Vernon Hamilton,G,6-1,195,22,0,Clemson,Sr,United States,2007
322,Brandon Heath,G,6-4,200,23,0,San Diego State,Sr,United States,2007
323,Quinton Hosley,SF,6-7,215,23,0,Fresno State,Sr,United States,2007
324,Ibrahim Jaaber,G,6-2,175,23,0,Pennsylvania,Sr,United States,2007
325,Rashad Jones-Jennings,PF,6-8,235,22,0,Little Rock,Sr,United States,2007
326,Tre Kelley,G,6-0,187,22,0,South Carolina,Sr,United States,2007
327,Kevin Kruger,PG,6-1,185,24,0,UNLV,Sr,United States,2007
328,Darnell Lazare,F,6-8,240,22,0,LSU,Sr,United States,2007
329,Torrell Martin,SG,6-5,200,22,0,Winthrop,Sr,United States,2007
330,David Monds,PF,6-9,240,23,0,Oklahoma State,Sr,United States,2007
331,Dan Nwaelele,G,6-5,205,23,0,Air Force,Sr,United States / Nigeria,2007
332,Lukasz Obrzut,C,7-1,265,24,0,Kentucky,Sr,Poland,2007
333,Brent Petway,SF,6-7,225,22,0,Michigan,Sr,United States,2007
334,Terrence Roberts,FC,6-10,240,21,0,Syracuse,Sr,United States,2007
335,Curtis Sumpter,F,6-7,225,23,0,Villanova,Sr,United States,2007
336,Jamaal Tatum,G,6-2,175,22,0,Southern Illinois,Sr,United States,2007
337,Kammron Taylor,G,6-2,175,22,0,Wisconsin,Sr,United States,2007
338,Larry Turner,C,6-11,240,24,0,Tennessee State,Sr,United States,2007
339,Roderick Wilmont,G,6-4,215,23,0,Indiana,Sr,United States,2007
340,Courtney Sims,FC,6-10,245,23,2,Michigan,Sr,United States,2007
341,Shagari Alleyne,C,7-3,270,23,0,Manhattan,Jr *,United States,2007
342,Carlos Morais,G,6-3,220,21,0,Petro Atletico de Luanda (Angola),1985 DOB,Angola,2007
343,Remi Yusuf,G,6-4,195,23,0,Texas A&M - Kingsville,Sr,United States / Nigeria,2007
344,Anthony Morrow,GF,6-5,210,22,9,Georgia Tech,Sr,United States,2008
345,Timofey Mozgov,C,7-1,275,21,9,Khimki (Russia),1986 DOB,Russia,2008
346,Reggie Williams,F,6-6,205,21,7,Virginia Military,Sr,United States,2008
347,Brian Roberts,PG,6-1,173,22,5,Dayton,Sr,United States,2008
348,Greg Stiemsma,C,6-11,260,22,5,Wisconsin,Sr,United States,2008
349,Sundiata Gaines,G,6-1,195,22,3,Georgia,Sr,United States,2008
350,Othyus Jeffers,GF,6-5,210,22,3,Robert Morris,Sr,United States,2008
351,Damjan Rudez,SF,6-10,228,22,3,Cedevita (Croatia),1986 DOB,Croatia,2008
352,Gary Forbes,F,6-7,220,23,2,Massachusetts,Sr,Panama,2008
353,Othello Hunter,FC,6-8,225,22,2,Ohio State,Sr,United States,2008
354,Rob Kurz,F,6-9,232,23,2,Notre Dame,Sr,United States,2008
355,Brian Butch,FC,6-11,240,23,1,Wisconsin,Sr,United States,2008
356,Trey Gilder,F,6-9,185,23,1,Northwestern State,Sr,United States,2008
357,Mickell Gladness,C,6-11,220,21,1,Alabama A&M,Sr,United States,2008
358,Steven Hill,C,7-0,248,22,1,Arkansas,Sr,United States,2008
359,DeMarcus Nelson,G,6-4,200,22,1,Duke,Sr,United States,2008
360,Marshall Brown,SG,6-7,225,23,0,Missouri,Sr,United States,2008
361,Keith Brumbaugh,F,6-10,215,22,0,Hillsborough CC,Jr *,United States,2008
362,Chris Daniels,C,6-9,265,24,0,Texas A&M-CC,Sr,United States,2008
363,Marcus Dove,F,6-9,225,23,0,Oklahoma State,Sr,United States,2008
364,Dion Dowell,SF,6-7,209,23,0,Houston,Sr,United States / Germany,2008
365,Moses Ehambe,GF,6-6,215,22,0,Oral Roberts,Sr,United States,2008
366,C.J. Giles,C,6-11,240,22,0,Oregon State,Jr *,United States / Bahrain,2008
367,Stefhon Hannah,G,6-1,175,23,0,Missouri,Sr,United States,2008
368,Marcus Hubbard,C,6-9,229,24,0,Angelo State,Sr,United States,2008
369,Michael Jenkins,G,6-3,195,21,0,Winthrop,Sr,United States,2008
370,Julian Khazzouh,C,6-10,220,22,0, ,1986 DOB,Australia,2008
371,Michael Lee,PF,6-9,215,22,0,St. Bonaventure,Sr,United States,2008
372,Longar Longar,C,6-11,229,25,0,Oklahoma,Sr,South Sudan,2008
373,Kurt Looby,C,6-10,229,24,0,Iowa,Sr,Antigua and Barbuda,2008
374,James Mays,F,6-9,230,22,0,Clemson,Sr,United States / Central African Republic,2008
375,Bo McCalebb,PG,5-10,180,23,0,New Orleans,Sr,United States / North Macedonia,2008
376,Taj McCullough,F,6-7,230,21,0,Winthrop,Sr,United States,2008
377,Drew Naymick,FC,6-10,250,23,0,Michigan State,Sr,United States,2008
378,Drew Neitzel,G,6-0,180,23,0,Michigan State,Sr,United States,2008
379,David Padgett,C-F,6-11,245,23,0,Louisville,Sr,United States,2008
380,Shaun Pruitt,FC,6-10,245,22,0,Illinois,Sr,United States,2008
381,Charles Rhodes,F-C,6-8,240,23,0,Mississippi State,Sr,United States,2008
382,Maureece Rice,G,6-1,225,24,0,George Washington,Sr,United States,2008
383,Jason Richards,G,6-2,190,22,0,Davidson,Sr,United States,2008
384,Frank Robinson,G,6-4,220,24,0,Cal State Fullerton,Sr,United States,2008
385,Russell Robinson,G,6-1,198,22,0,Kansas,Sr,United States,2008
386,JaJuan Smith,G,6-3,195,22,0,Tennessee,Sr,United States,2008
387,Lanny Smith,G,6-3,190,23,0,Houston,Sr,United States,2008
388,Mark Tyndale,SG,6-5,210,22,0,Temple,Sr,United States,2008
389,Salah Mejri,C,7-1,235,22,4,Etoile Sportive du Sahel (Tunisia),1986 DOB,Tunisia,2008
390,Wesley Matthews,G,6-5,220,22,12,Marquette,Sr,United States,2009
391,Garrett Temple,G,6-5,195,23,11,LSU,Sr,United States,2009
392,Aron Baynes,C,6-10,260,22,9,Washington State,Sr,New Zealand / Australia,2009
393,Alonzo Gee,SF,6-6,225,22,8,Alabama,Sr,United States,2009
394,Joe Ingles,F,6-8,226,21,7,Melbourne South (Australia),1987 DOB,Australia,2009
395,Jeff Adrien,SF,6-7,245,23,5,Connecticut,Sr,United States,2009
396,Chris Johnson,C,6-11,209,23,3,LSU,Sr,United States,2009
397,Jerel McNeal,SG,6-3,200,21,3,Marquette,Sr,United States,2009
398,Jeremy Pargo,PG,6-2,219,23,3,Gonzaga,Sr,United States,2009
399,Gigi Datome,SF,6-8,215,21,2,Virtus Bologna (Italy),1987 DOB,Italy,2009
400,Justin Dentmon,PG,6-0,183,23,2,Washington,Sr,United States,2009
401,Vitor Faverani,FC,6-11,260,21,2,Unicaja (Spain),1988 DOB *,Brazil,2009
402,Terrel Harris,SF,6-5,190,21,2,Oklahoma State,Sr,United States,2009
403,Viacheslav Kravtsov,C,6-11,254,21,2,BC Kyiv (Ukraine),1987 DOB,Ukraine,2009
404,Garret Siler,C,6-11,305,22,2,Augusta University,Sr,United States,2009
405,Josh Akognon,PG,5-11,175,23,1,Cal State Fullerton,Sr,United States / Nigeria,2009
406,Alade Aminu,C,6-10,225,21,1,Georgia Tech,Sr,United States / Nigeria,2009
407,Antonio Anderson,SG,6-6,215,24,1,Memphis,Sr,United States,2009
408,Dionte Christmas,SG,6-5,205,22,1,Temple,Sr,United States,2009
409,Marcus Cousin,C,6-11,255,22,1,Houston,Sr,United States,2009
410,Shane Edwards,F,6-7,220,22,1,Little Rock,Sr,United States,2009
411,Tony Gaffney,PF,6-8,215,24,1,Massachusetts,Sr,United States,2009
412,Kenny Hasbrouck,SG,6-3,194,22,1,Siena,Sr,United States,2009
413,Aaron Jackson,G,6-4,185,23,1,Duquesne,Sr,United States,2009
414,Cedric Jackson,PG,6-3,190,23,1,Cleveland State,Sr,United States,2009
415,Curtis Jerrells,PG,6-1,195,22,1,Baylor,Sr,United States,2009
416,Marcus Landry,F,6-7,230,23,1,Wisconsin,Sr,United States,2009
417,Diamon Simpson,F,6-7,230,21,1,Saint Mary's,Sr,United States,2009
418,Luke Zeller,C,6-11,245,22,1,Notre Dame,Sr,United States,2009
419,Connor Atchley,F-C,6-10,225,23,0,Texas,Sr,United States,2009
420,Tyrell Biggs,F,6-8,240,22,0,Pittsburgh,Sr,United States,2009
421,Josh Bostic,F,6-5,230,22,0,Findlay,Sr,United States,2009
422,Micah Downs,G,6-8,200,22,0,Gonzaga,Sr,United States,2009
423,Courtney Fells,GF,6-5,205,22,0,NC State,Sr,United States,2009
424,Anthony Goods,G,6-3,200,22,0,Stanford,Sr,United States,2009
425,Paul Harris,G-F,6-4,230,22,0,Syracuse,Jr *,United States,2009
426,Russell Hicks,C,6-10,253,24,0,Florida International,Sr,Canada,2009
427,Lawrence Hill,PF,6-8,235,21,0,Stanford,Sr,United States,2009
428,Dominic James,PG,5-11,185,22,0,Marquette,Sr,United States,2009
429,Ben McCauley,F,6-9,237,22,0,NC State,Sr,United States,2009
430,Luke Nevill,C,7-2,265,23,0,Utah,Sr,Australia,2009
431,Kleon Penn,C,6-11,295,22,0,McNeese State,Sr,British Virgin Islands,2009
432,Raymond Sykes,C,6-9,220,22,0,Clemson,Sr,United States,2009
433,Gal Mekel,PG,6-3,202,21,2,Maccabi FOX Tel Aviv (Israel),1988 DOB,Israel,2009
434,Milos Teodosic,PG,6-5,196,22,2,Olympiacos (Greece),1987 DOB,Serbia,2009
435,Kyle Goldcamp,FC,6-10,250,23,0,Gannon,Sr,United States,2009
436,Marcus Lewis,PF,6-8,245,22,0,Oral Roberts,Sr,United States,2009
437,Ish Smith,PG,6-0,175,21,11,Wake Forest,Sr,United States,2010
438,Jeremy Lin,G,6-3,200,21,9,Harvard,Sr,United States,2010
439,Lance Thomas,F,6-8,240,22,8,Duke,Sr,United States,2010
440,Boban Marjanovic,C,7-4,290,21,6,KK Vrsac Swisslion (Serbia),1988 DOB,Serbia,2010
441,Donald Sloan,G,6-3,205,22,5,Texas A&M,Sr,United States,2010
442,Manny Harris,G,6-5,185,20,4,Michigan,Jr *,United States,2010
443,Jonathan Gibson,PG,6-2,185,22,3,New Mexico State,Sr,United States,2010
444,Elijah Millsap,GF,6-6,215,22,3,UAB,Jr *,United States,2010
445,Arinze Onuaku,PF,6-9,255,22,3,Syracuse,Sr,United States / Nigeria,2010
446,Samardo Samuels,FC,6-9,260,21,3,Louisville,So *,Jamaica,2010
447,Alexey Shved,G,6-6,187,21,3,Dynamo Moscow (Russia),1988 DOB,Russia,2010
448,Miroslav Raduljica,C,7-0,250,22,2,KK FMP (Serbia),1988 DOB,Serbia,2010
449,Ben Uzoh,SG,6-3,205,22,2,Tulsa,Sr,United States / Nigeria,2010
450,Marqus Blakely,F,6-5,225,21,1,Vermont,Sr,United States,2010
451,Patrick Christopher,GF,6-5,209,22,1,California,Sr,United States,2010
452,Sherron Collins,PG,5-11,205,23,1,Kansas,Sr,United States,2010
453,Jerome Dyson,G,6-3,180,23,1,Connecticut,Sr,United States,2010
454,Jeff Foote,C,7-0,265,22,1,Cornell,Sr,United States,2010
455,Dennis Horner,PF,6-9,230,22,1,NC State,Sr,United States,2010
456,Matt Janning,GF,6-4,198,22,1,Northeastern,Sr,United States / Georgia,2010
457,Tim Ohlbrecht,FC,6-10,260,21,1,Telekom Baskets Bonn (Germany),1988 DOB,Germany,2010
458,Jerry Smith,G,6-2,190,22,1,Louisville,Sr,United States,2010
459,Edwin Ubiles,GF,6-6,205,23,1,Siena,Sr,United States / Puerto Rico,2010
460,Ronnie Aguilar,C,7-1,250,23,0,Colorado State,Sr,United States / El Salvador,2010
461,Eric Boateng,C,6-8,255,24,0,Arizona State,Sr,England,2010
462,Tweety Carter,PG,5-11,185,23,0,Baylor,Sr,United States,2010
463,Richard Delk,G,6-4,175,23,0,Troy,Sr,United States,2010
464,Stephen Dennis,G,6-6,180,22,0,Kutztown,Sr,United States,2010
465,Jordan Eglseder,C,7-0,280,21,0,Northern Iowa,Sr,United States,2010
466,James Florence,PG,6-1,186,22,0,Mercer,Sr,United States,2010
467,Charles Garcia,FC,6-10,230,21,0,Seattle,Jr *,United States,2010
468,Vernon Goodridge,F,6-9,220,26,0,La Salle,Sr,United States,2010
469,Kenny Hayes,G,6-2,175,23,0,Miami (OH),Sr,United States,2010
470,Tory Jackson,G,5-11,205,22,0,Notre Dame,Sr,United States,2010
471,Dominique Johnson,G,6-3,195,23,0,Azusa Pacific,Sr,United States,2010
472,Tyren Johnson,F,6-8,225,21,0,Louisiana,Sr,United States,2010
473,Adam Koch,F,6-8,255,22,0,Northern Iowa,Sr,United States,2010
474,Mac Koshwal,FC,6-10,255,22,0,DePaul,Jr *,United States,2010
475,Chris Kramer,G,6-3,195,22,0,Purdue,Sr,United States,2010
476,Dwight Lewis,G,6-6,215,22,0,USC,Sr,United States / Venezuela,2010
477,"Anthony Mason, Jr.",F,6-7,215,23,0,St. John's,Sr,United States,2010
478,Tasmin Mitchell,SF,6-7,245,23,0,LSU,Sr,United States,2010
479,Kevin Palmer,SF,6-6,210,23,0,Texas A&M-CC,Sr,United States,2010
480,J.P. Prince,F,6-8,205,22,0,Tennessee,Sr,United States,2010
481,Dzherom Rendl,G,5-10,172,23,0,California,Sr,United States / Ukraine,2010
482,Scottie Reynolds,G,6-2,209,22,0,Villanova,Sr,United States,2010
483,Matt Rogers,C,6-11,225,22,0,Southwest Baptist,Sr,United States,2010
484,Billy Rush,G,6-6,200,22,0,Robert Morris-Springfield,Sr,United States,2010
485,Omar Samhan,C,6-11,265,21,0,Saint Mary's,Sr,United States / Egypt,2010
486,Jon Scheyer,G,6-5,190,22,0,Duke,Sr,United States,2010
487,DeShawn Sims,F,6-8,224,22,0,Michigan,Sr,United States,2010
488,Edgar Sosa,G,6-2,175,22,0,Louisville,Sr,United States / Dominican Republic,2010
489,Patrick Sullivan,PF,6-9,215,21,0,Southeastern Louisiana,Sr,United States,2010
490,Devin Sweetney,GF,6-6,200,22,0,St. Francis (PA),Sr,United States,2010
491,Seth Tarver,GF,6-5,210,21,0,Oregon State,Sr,United States,2010
492,Ryan Thompson,F,6-6,220,22,0,Rider,Sr,United States,2010
493,Corey Webster,G,6-2,190,21,0,New Zealand (New Zealand),1988 DOB,New Zealand,2010
494,Tyler Wilkerson,F,6-8,240,21,0,Marshall,Sr,United States,2010
495,Jeremy Wise,PG,6-2,185,24,0,Bakersfield Jam,1986 DOB,United States,2010
496,Brian Zoubek,C,7-1,260,22,0,Duke,Sr,United States,2010
497,Courtney Fortson,G,5-11,185,22,1,Arkansas,So *,United States,2010
498,Jamar Smith,SG,6-3,185,23,0,Southern Indiana,Sr,United States,2010
499,Justin Holiday,SF,6-6,181,22,8,Washington,Sr,United States,2011
500,Julyan Stone,PG,6-6,200,22,4,UTEP,Sr,United States,2011
501,Malcolm Thomas,F,6-9,225,22,4,San Diego State,Sr,United States,2011
502,Dwight Buycks,G,6-3,190,22,3,Marquette,Sr,United States,2011
503,John Holland,SF,6-5,205,22,3,Boston University,Sr,United States / Puerto Rico,2011
504,Brad Wanamaker,SG,6-3,210,21,3,Pittsburgh,Sr,United States,2011
505,Malcolm Delaney,SG,6-3,190,22,2,Virginia Tech,Sr,United States,2011
506,Diante Garrett,SG,6-4,190,22,2,Iowa State,Sr,United States,2011
507,Cory Higgins,G,6-5,181,22,2,Colorado,Sr,United States,2011
508,Mindaugas Kuzminskas,SF,6-9,215,21,2,Siauliai (Lithuania),1989 DOB,Lithuania,2011
509,Kalin Lucas,PG,6-1,195,22,2,Michigan State,Sr,United States / Israel,2011
510,Xavier Silas,SG,6-5,198,23,2,Northern Illinois,Sr,United States,2011
511,Chris Wright,F,6-8,225,22,2,Dayton,Sr,United States,2011
512,Dairis Bertans,SG,6-4,190,21,1,BK Ventspils (Latvia),1989 DOB,Latvia,2011
513,Zoran Dragic,SG,6-5,200,22,1,Geoplin Slovan (Slovenia),1989 DOB,Slovenia,2011
514,Ben Hansbrough,G,6-3,203,23,1,Notre Dame,Sr,United States,2011
515,Omari Johnson,F,6-9,220,22,1,Oregon State,Sr,Jamaica / United States,2011
516,D.J. Kennedy,GF,6-6,215,21,1,St. John's,Sr,United States,2011
517,Jacob Pullen,G,6-1,200,21,1,Kansas State,Sr,United States / Georgia,2011
518,Alex Stepheson,PF,6-10,249,23,1,USC,Sr,United States,2011
519,Mychel Thompson,SF,6-6,211,23,1,Pepperdine,Sr,United States / Bahamas,2011
520,Chris Wright,PG,6-1,210,21,1,Georgetown,Sr,United States,2011
521,Kevin Anderson,PG,6-0,170,22,0,Richmond,Sr,United States,2011
522,Gilbert Brown,SF,6-6,215,23,0,Pittsburgh,Sr,United States,2011
523,Justin Brownlee,SF,6-7,220,23,0,St. John's,Sr,United States,2011
524,Vance Cooksey,G,6-0,175,23,0,Pikeville,Sr,United States,2011
525,Jarrid Famous,C,6-11,239,22,0,South Florida,Sr,United States,2011
526,Mustapha Farrakhan,G,6-4,180,22,0,Virginia,Sr,United States,2011
527,Gary Flowers,PF,6-8,214,25,0,Southern Mississippi,Sr,United States,2011
528,Devin Gibson,G,6-0,176,22,0,Texas-San Antonio,Sr,United States,2011
529,Zach Graham,G,6-6,210,22,0,Ole Miss,Sr,United States,2011
530,Steven Gray,SG,6-5,205,22,0,Gonzaga,Sr,United States,2011
531,Demonte Harper,SG,6-4,195,22,0,Morehead State,Sr,United States,2011
532,Frank Hassell,F,6-8,235,22,0,Old Dominion,Sr,United States,2011
533,Jeremy Hazell,G,6-5,180,25,0,Seton Hall,Sr,United States,2011
534,Paris Horne,PG,6-3,189,23,0,St. John's,Sr,United States,2011
535,Rick Jackson,PF,6-9,235,22,0,Syracuse,Sr,United States,2011
536,Cameron Jones,G,6-4,185,22,0,Northern Arizona,Sr,United States,2011
537,Dallas Lauderdale,F,6-8,260,22,0,Ohio State,Sr,United States,2011
538,Jeff Ledbetter,G,6-3,195,23,0,Idaho,Sr,United States,2011
539,David Lighty,SF,6-6,216,23,0,Ohio State,Sr,United States / France,2011
540,Demetri McCamey,PG,6-3,205,22,0,Illinois,Sr,United States,2011
541,Mickey McConnell,PG,6-0,189,22,0,Saint Mary's,Sr,United States,2011
542,Casey Mitchell,SG,6-4,220,23,0,West Virginia,Sr,United States,2011
543,Adrian Oliver,G,6-4,210,23,0,San Jose State,Sr,United States,2011
544,Brian Qvale,C,6-11,255,22,0,Montana,Sr,United States,2011
545,Damian Saunders,SF,6-8,214,22,0,Duquesne,Sr,United States,2011
546,Carleton Scott,F,6-8,218,22,0,Notre Dame,Jr *,United States,2011
547,Devin Searcy,FC,6-10,226,21,0,Dayton,Sr,United States / Poland,2011
548,Marcus Simmons,G,6-6,220,23,0,USC,Sr,United States,2011
549,Durrell Summers,SG,6-4,205,22,0,Michigan State,Sr,United States,2011
550,Mike Tisdale,C,7-1,249,21,0,Illinois,Sr,United States,2011
551,Billy White,F,6-8,235,22,0,San Diego State,Sr,United States,2011
552,Willie Reed,F,6-11,245,21,5,Saint Louis,Jr *,United States,2011
553,Greg Smith,C,6-10,250,20,5,Fresno State,So *,United States,2011
554,Scotty Hopson,GF,6-7,204,21,3,Tennessee,Jr *,United States,2011
555,Jake Anderson,PG,6-2,200,24,0,Iowa State,Sr,United States,2011
556,Paul Carter,F,6-8,200,24,0,Illinois-Chicago,Sr,United States,2011
557,Mike Dunigan,C,6-10,245,21,0,Hapoel Bank Yahav Jerusalem (Israel),1989 DOB,United States,2011
558,Phil Jones,C,6-11,250,25,0,Charlotte,Sr,United States / U.S. Virgin Islands,2011
559,Kent Bazemore,GF,6-4,195,22,9,Old Dominion,Sr,United States,2012
560,JaMychal Green,PF,6-8,227,22,7,Alabama,Sr,United States,2012
561,Chris Johnson,SF,6-6,206,22,4,Dayton,Sr,United States,2012
562,Henry Sims,C,6-10,248,22,4,Georgetown,Sr,United States,2012
563,Jorge Gutierrez,PG,6-3,195,23,3,California,Sr,Mexico / United States,2012
564,James Nunnally,F,6-7,220,21,3,UC Santa Barbara,Sr,United States,2012
565,Mike James,PG,6-1,190,21,2,Lamar,Sr,United States,2012
566,Scott Machado,G,6-1,201,22,2,Iona,Sr,United States / Brazil,2012
567,Joshua Magette,PG,6-1,160,22,2,Alabama-Huntsville,Sr,United States,2012
568,Toure' Murry,G,6-5,200,22,2,Wichita State,Sr,United States,2012
569,C.J. Williams,SG,6-5,234,22,2,NC State,Sr,United States,2012
570,DeQuan Jones,SF,6-8,221,22,1,Miami (FL),Sr,United States,2012
571,Nicolas Laprovittola,PG,6-4,180,22,1,Lanus (Argentina),1990 DOB,Argentina,2012
572,Chris Smith,G,6-2,195,24,1,Louisville,Sr,United States,2012
573,Casper Ware,G,5-10,175,22,1,Long Beach State,Sr,United States,2012
574,Ryan Allen,G,6-3,200,23,0,Milwaukee,Sr,United States,2012
575,Oscar Bellfield,G,6-2,190,22,0,UNLV,Sr,United States,2012
576,Micheal Eric,FC,6-11,240,24,0,Temple,Sr,Nigeria,2012
577,Kyle Fogg,PG,6-3,183,22,0,Arizona,Sr,United States,2012
578,Kenny Gabriel,PF,6-9,218,22,0,Auburn,Sr,United States,2012
579,Lance Goulbourne,GF,6-8,225,23,0,Vanderbilt,Sr,United States,2012
580,Eric Griffin,F,6-8,194,22,0,Campbell,Sr,United States,2012
581,Lazeric Jones,PG,6-0,185,21,0,UCLA,Sr,United States,2012
582,Dominique Morrison,F,6-6,213,22,0,Oral Roberts,Sr,United States,2012
583,Greg Somogyi,C,7-2,240,22,0,UC Santa Barbara,Sr,Hungary,2012
584,Mitchell Watt,F,6-10,225,22,0,Buffalo,Sr,United States,2012
585,Wesley Witherspoon,GF,6-9,207,22,0,Memphis,Sr,United States,2012
586,Jonathon Simmons,G,6-6,195,22,4,Houston,Jr *,United States,2012
587,Hollis Thompson,SF,6-8,206,21,4,Georgetown,Jr *,United States,2012
588,Maalik Wayns,PG,6-2,185,21,2,Villanova,Jr *,United States / Belarus,2012
589,Drew Gordon,PF,6-9,245,21,1,New Mexico,Sr,United States,2012
590,Kevin Jones,PF,6-8,260,22,1,West Virginia,Sr,United States,2012
591,Tony Mitchell,SF,6-6,216,22,1,Alabama,Jr *,United States,2012
592,Dee Bost,G,6-2,176,22,0,Mississippi State,Sr,United States / Bulgaria,2012
593,Carlon Brown,SG,6-5,216,22,0,Colorado,Sr,United States,2012
594,D'Aundray Brown,G,6-4,195,23,0,Cleveland State,Sr,United States,2012
595,Olek Czyz,F,6-8,240,22,0,Nevada,Sr,Poland,2012
596,Tu Holloway,PG,6-0,190,22,0,Xavier,Sr,United States,2012
597,Reeves Nelson,PF,6-8,235,20,0,Zalgiris (Lithuania),1991 DOB *,United States,2012
598,Josh Owens,PF,6-8,240,23,0,Stanford,Sr,United States,2012
599,John Shurna,F,6-9,215,22,0,Northwestern,Sr,United States,2012
600,Hank Thorns,PG,5-9,165,23,0,Texas Christian,Sr,United States,2012
601,Charlie Westbrook,G,6-4,196,22,0,South Dakota,Sr,United States,2012
602,Robert Covington,F,6-9,225,22,8,Tennessee State,Sr,United States,2013
603,Seth Curry,G,6-2,185,22,8,Duke,Sr,United States,2013
604,Matt Dellavedova,G,6-3,204,22,8,Saint Mary's,Sr,Australia,2013
605,Troy Daniels,G,6-4,205,21,7,VCU,Sr,United States,2013
606,Ian Clark,G,6-3,175,22,6,Belmont,Sr,United States,2013
607,Rodney McGruder,SG,6-4,205,21,5,Kansas State,Sr,United States,2013
608,Ryan Broekhoff,SF,6-7,215,22,2,Valparaiso,Sr,Australia,2013
609,Jack Cooley,PF,6-10,265,22,2,Notre Dame,Sr,United States,2013
610,Brandon Davies,PF,6-8,240,21,2,Brigham Young,Sr,United States,2013
611,Nicolo Melli,PF,6-9,235,22,2,AX Armani Exchange Milan (Italy),1991 DOB,Italy,2013
612,D.J. Stephens,GF,6-5,188,22,2,Memphis,Sr,United States,2013
613,Facundo Campazzo,PG,5-11,165,22,1,Penarol (Argentina),1991 DOB,Argentina,2013
614,Will Cherry,G,6-0,185,22,1,Montana,Sr,United States,2013
615,Elias Harris,SF,6-8,239,23,1,Gonzaga,Sr,Germany,2013
616,Reggie Hearn,G,6-5,210,21,1,Northwestern,Sr,United States,2013
617,Brandon Paul,G,6-4,200,22,1,Illinois,Sr,United States,2013
618,James Southerland,F,6-8,221,23,1,Syracuse,Sr,United States,2013
619,Reginald Becton,PF,6-10,255,22,0,Ole Miss,Sr,United States,2013
620,Damen Bell-Holter,FC,6-9,245,23,0,Oral Roberts,Sr,United States,2013
621,Abdul Gaddy,PG,6-3,195,21,0,Washington,Sr,United States,2013
622,Ramon Galloway,G,6-3,180,22,0,La Salle,Sr,United States,2013
623,Garlon Green,GF,6-7,215,22,0,Texas Christian,Sr,United States,2013
624,Jordan Henriquez,PF,6-11,250,23,0,Kansas State,Sr,United States,2013
625,Richard Howell,PF,6-8,257,22,0,NC State,Sr,United States / Israel,2013
626,Trent Lockett,SF,6-5,209,22,0,Marquette,Sr,United States,2013
627,Brock Motum,PF,6-10,235,22,0,Washington State,Sr,Australia,2013
628,Durand Scott,SG,6-5,203,23,0,Miami (FL),Sr,United States / Jamaica,2013
629,E.J. Singler,F,6-6,215,23,0,Oregon,Sr,United States,2013
630,Jason Washburn,C,7-0,245,23,0,Utah,Sr,United States / Bulgaria,2013
631,Christian Watford,PF,6-9,220,22,0,Indiana,Sr,United States,2013
632,Rodney Williams,F,6-7,205,21,0,Minnesota,Sr,United States,2013
633,Scott Wood,SF,6-6,175,23,0,NC State,Sr,United States,2013
634,Khalif Wyatt,G,6-4,205,22,0,Temple,Sr,United States,2013
635,Dewayne Dedmon,PF,7-0,245,23,8,USC,Jr *,United States,2013
636,Daniel Theis,C,6-8,245,21,4,Ratiopharm Ulm (Germany),1992 DOB *,Germany,2013
637,Vander Blue,SG,6-4,196,20,3,Marquette,Jr *,United States,2013
638,Phil Pressey,PG,5-11,175,22,3,Missouri,Jr *,United States,2013
639,Chris Babb,G,6-5,225,23,2,Iowa State,Sr,United States,2013
640,Larry Drew,G,6-2,180,23,2,UCLA,Sr,United States,2013
641,Trey McKinney Jones,SG,6-5,220,22,1,Miami (FL),Sr,United States,2013
642,Adonis Thomas,PF,6-6,235,20,1,Memphis,So *,United States,2013
643,C.J. Aiken,F,6-9,200,22,0,Saint Joseph's,Jr *,United States,2013
644,Myck Kabongo Lukusa,PG,6-3,180,21,0,Texas,So *,Canada / Democratic Republic of the Congo,2013
645,Kenny Kadji,C,6-11,242,25,0,Miami (FL),Sr,Cameroon / United States,2013
646,C.J. Leslie,PF,6-9,205,22,0,NC State,Jr *,United States,2013
647,Nick Minnerath,F,6-9,215,23,0,Detroit-Mercy,Sr,United States,2013
648,B.J. Young,G,6-4,180,20,0,Arkansas,So *,United States,2013
649,Langston Galloway,G,6-2,200,22,7,Saint Joseph's,Sr,United States,2014
650,Tyler Johnson,G,6-4,190,22,7,Fresno State,Sr,United States,2014
651,Cristiano Felicio,C,6-10,275,21,6,Minas (Brazil),1992 DOB,Brazil,2014
652,Tarik Black,PF,6-9,250,22,4,Kansas,Sr,United States,2014
653,Torrey Craig,GF,6-7,215,23,4,USC Upstate,Sr,United States,2014
654,Jarell Eddie,SF,6-8,218,22,4,Virginia Tech,Sr,United States,2014
655,Okaro White,F,6-8,205,21,3,Florida State,Sr,United States,2014
656,Bryce Cotton,G,6-1,165,21,2,Providence,Sr,United States,2014
657,"Walt Lemon, Jr.",G,6-3,180,21,2,Bradley,Sr,United States,2014
658,Xavier Munford,G,6-3,180,22,2,Rhode Island,Sr,United States,2014
659,David Stockton,G,5-11,165,23,2,Gonzaga,Sr,United States,2014
660,Keith Appling,G,6-0,190,22,1,Michigan State,Sr,United States,2014
661,Coty Clarke,F,6-7,235,21,1,Arkansas,Sr,United States,2014
662,Mitchell Creek,G,6-6,225,22,1,Adelaide (Australia),1992 DOB,Australia,2014
663,C.J. Fair,F,6-8,218,22,1,Syracuse,Sr,United States,2014
664,Ronald Roberts,F,6-8,219,22,1,Saint Joseph's,Sr,United States / Dominican Republic,2014
665,Richard Solomon,PF,6-11,235,22,1,California,Sr,United States,2014
666,Patric Young,PF,6-9,239,22,1,Florida,Sr,United States,2014
667,Eric Atkins,PG,6-2,182,22,0,Notre Dame,Sr,United States,2014
668,Jordan Bachynski,C,7-2,250,24,0,Arizona State,Sr,Canada,2014
669,Davion Berry,GF,6-4,185,22,0,Weber State,Sr,United States,2014
670,John Bohannon,C,6-11,210,22,0,UTEP,Sr,United States,2014
671,Deonte Burton,PG,6-1,193,22,0,Nevada,Sr,United States,2014
672,Tre Bussey,G,6-3,170,22,0,Georgia Southern,Sr,United States,2014
673,Aaron Craft,G,6-2,195,23,0,Ohio State,Sr,United States,2014
674,Chris Crawford,G,6-4,220,21,0,Memphis,Sr,United States,2014
675,Fuquan Edwin,SF,6-6,213,22,0,Seton Hall,Sr,United States,2014
676,Melvin Ejim,SF,6-6,220,23,0,Iowa State,Sr,Canada,2014
677,Stephen Holt,SG,6-4,195,22,0,Saint Mary's,Sr,United States,2014
678,Joe Jackson,G,6-1,171,22,0,Memphis,Sr,United States,2014
679,Geron Johnson,SG,6-3,200,21,0,Memphis,Sr,United States,2014
680,Jaron Johnson,G,6-6,205,22,0,Louisiana Tech,Sr,United States,2014
681,Shawn Jones,F,6-8,240,22,0,Middle Tennessee State,Sr,United States / Kosovo,2014
682,Akil Mitchell,PF,6-9,250,21,0,Virginia,Sr,United States / Panama,2014
683,Bubu Palo,G,6-1,181,22,0,Iowa State,Sr,United States,2014
684,John Petrucelli,G,6-4,190,21,0,Molloy,Sr,United States,2014
685,Casey Prather,F,6-6,208,23,0,Florida,Sr,United States,2014
686,Orlando Sanchez,PF,6-9,230,26,0,St. John's,Sr,Dominican Republic,2014
687,Nick Wiggins,SG,6-6,192,23,0,Wichita State,Sr,Canada,2014
688,Scottie Wilbekin,G,6-2,176,21,0,Florida,Sr,United States / Turkey,2014
689,Tim Frazier,G,6-1,170,23,7,Penn State,Sr,United States,2014
690,JaKarr Sampson,F,6-9,215,21,6,St. John's,So *,United States,2014
691,Khem Birch,PF,6-9,230,21,4,UNLV,Jr *,Canada,2014
692,Sean Kilpatrick,SG,6-4,212,24,4,Cincinnati,Sr,United States,2014
693,Maxi Kleber,PF,6-10,240,22,4,s.Oliver Baskets (Germany),1992 DOB,Germany,2014
694,James McAdoo,PF,6-9,230,21,4,North Carolina,Jr *,United States,2014
695,Eric Moreland,FC,6-10,238,22,4,Oregon State,Jr *,United States,2014
696,Axel Toupane,SG,6-7,197,21,3,Strasbourg IG (France),1992 DOB,France,2014
697,Travis Wear,PF,6-9,219,23,3,UCLA,Sr,United States,2014
698,Norvel Pelle,FC,6-10,216,21,2,Delaware 87ers,1993 DOB,Lebanon / Antigua and Barbuda,2014
699,Shayne Whittington,C,6-11,245,23,2,Western Michigan,Sr,United States / North Macedonia,2014
700,Jerrelle Benimon,F,6-8,245,22,1,Towson,Sr,United States,2014
701,Sim Bhullar,C,7-5,355,21,1,New Mexico State,So *,Canada,2014
702,Jabari Brown,SG,6-4,215,21,1,Missouri,Jr *,United States,2014
703,Andre Dawkins,SG,6-4,206,22,1,Duke,Sr,United States,2014
704,Alex Kirk,C,7-0,245,22,1,New Mexico,Jr *,United States,2014
705,David Wear,PF,6-10,225,23,1,UCLA,Sr,United States,2014
706,Jamil Wilson,SF,6-7,229,23,1,Marquette,Sr,United States,2014
707,Kadeem Batts,PF,6-9,244,22,0,Providence,Sr,United States,2014
708,Taylor Braun,G,6-7,210,22,0,North Dakota State,Sr,United States,2014
709,Sampson Carter,F,6-8,220,23,0,Massachusetts,Sr,United States,2014
710,Kyle Casey,SF,6-7,225,24,0,Harvard,Sr,United States,2014
711,Justin Cobbs,PG,6-3,190,23,0,California,Sr,United States / Montenegro,2014
712,Drew Crawford,GF,6-5,215,23,0,Northwestern,Sr,United States,2014
713,Josh Davis,F,6-8,215,23,0,San Diego State,Sr,United States,2014
714,Luke Hancock,F,6-6,200,24,0,Louisville,Sr,United States,2014
715,Marshall Henderson,G,6-2,177,23,0,Ole Miss,Sr,United States,2014
716,Brady Heslip,PG,6-2,185,24,0,Baylor,Sr,Canada,2014
717,Raphiael Putney,F,6-10,185,24,0,Massachusetts,Sr,United States,2014
718,Akeem Richmond,PG,6-0,180,23,0,East Carolina,Sr,United States,2014
719,Roscoe Smith,SF,6-9,202,23,0,UNLV,Jr *,United States,2014
720,Yuki Togashi,G,5-7,143,20,0,Akita Northern Happinets (Japan),1993 DOB,Japan,2014
721,Chris Udofia,F,6-6,200,21,0,Denver,Sr,United States,2014
722,Jordan Vandenberg,C,7-1,245,24,0,NC State,Sr,Australia,2014
723,Talib Zanna,PF,6-9,230,23,0,Pittsburgh,Sr,Nigeria,2014
724,Quinn Cook,PG,6-2,179,22,5,Duke,Sr,United States,2015
725,Treveon Graham,GF,6-5,225,21,4,VCU,Sr,United States,2015
726,Royce O'Neale,SF,6-6,226,22,4,Baylor,Sr,United States,2015
727,Chasson Randle,PG,6-3,185,22,4,Stanford,Sr,United States,2015
728,Alan Williams,FC,6-8,265,22,4,UC Santa Barbara,Sr,United States,2015
729,Malcolm Miller,SF,6-6,203,22,3,Holy Cross,Sr,United States,2015
730,Briante Weber,G,6-2,170,22,3,VCU,Sr,United States,2015
731,Nicolas Brussino,G,6-8,195,22,2,Regatas Corrientes (Argentina),1993 DOB,Argentina,2015
732,Javonte Green,G,6-4,205,21,2,Radford,Sr,United States / Montenegro,2015
733,Vincent Poirier,C,7-0,235,21,2, ,1993 DOB,France,2015
734,Juan Toscano-Anderson,F,6-6,209,22,2,Marquette,Sr,United States / Mexico,2015
735,William Howard,F,6-8,207,21,1,BCM Gravelines (France),1993 DOB,France,2015
736,Le'Bryan Nash,SF,6-7,235,22,1,Oklahoma State,Sr,United States,2015
737,Maurice Ndour,F,6-9,200,23,1,Ohio,Sr,Senegal,2015
738,Levi Randolph,SG,6-5,208,22,1,Alabama,Sr,United States,2015
739,Julian Washburn,SG,6-8,210,23,1,UTEP,Sr,United States,2015
740,Greg Whittington,PF,6-8,212,22,1,Georgetown,Sr,United States,2015
741,Darion Atkins,PF,6-8,235,22,0,Virginia,Sr,United States,2015
742,Ryan Boatright,PG,5-11,175,22,0,Connecticut,Sr,United States / Armenia,2015
743,"Derek Cooke, Jr.",F,6-9,220,23,0,Wyoming,Sr,United States,2015
744,Will Cummings,PG,6-2,175,22,0,Temple,Sr,United States,2015
745,Shawn Dawson,F,6-6,205,21,0,Maccabi Rosh HaAyin (Israel),1993 DOB,Israel,2015
746,Nnanna Egwu,C,6-11,250,22,0,Illinois,Sr,Nigeria / United States,2015
747,LaDontae Henton,F,6-6,215,23,0,Providence,Sr,United States,2015
748,Jonathan Holmes,F,6-9,242,22,0,Texas,Sr,United States,2015
749,Michael Holyfield,C,6-11,270,22,0,Sam Houston State,Sr,United States,2015
750,Kadeem Jack,PF,6-9,225,22,0,Rutgers,Sr,United States,2015
751,Michale Kyser,F,6-9,210,23,0,Louisiana Tech,Sr,United States,2015
752,Denzel Livingston,G,6-4,178,22,0,Incarnate Word,Sr,United States,2015
753,Yannis Morin,FC,6-10,210,21,0,Cholet Basket (France),1993 DOB,France,2015
754,Youssoupha Ndoye,C,7-0,250,23,0,St. Bonaventure,Sr,Senegal,2015
755,Jaleel Roberts,C,7-0,235,22,0,UNC Asheville,Sr,United States,2015
756,Wesley Saunders,SF,6-5,215,22,0,Harvard,Sr,United States,2015
757,Mike Scott,PG,6-0,180,21,0,Idaho,Sr,United States,2015
758,Shannon Scott,G,6-1,185,22,0,Ohio State,Sr,United States,2015
759,Keifer Sykes,PG,6-0,180,21,0,Green Bay,Sr,United States,2015
760,Sam Thompson,F,6-7,200,22,0,Ohio State,Sr,United States,2015
761,Travis Trice,PG,6-2,175,22,0,Michigan State,Sr,United States,2015
762,Dez Wells,GF,6-5,215,23,0,Maryland,Sr,United States,2015
763,Ding Yanyuhang,SF,6-7,200,21,0,Shandong (China),1993 DOB,China,2015
764,T.J. McConnell,G,6-2,190,23,6,Arizona,Sr,United States,2015
765,Christian Wood,PF,6-10,214,19,5,UNLV,So *,United States,2015
766,Alfonzo McKinnie,F,6-8,215,22,4,Green Bay,Sr,United States,2015
767,Aaron Harrison,GF,6-6,210,20,3,Kentucky,So *,United States,2015
768,Cliff Alexander,PF,6-8,245,19,2,Kansas,Fr *,United States,2015
769,Michael Frazier,G,6-4,200,21,2,Florida,Jr *,United States,2015
770,Luis Montero,SF,6-7,185,22,2,Westchester CC,So *,Dominican Republic,2015
771,Bryce Dejean-Jones,G,6-5,210,22,1,Iowa State,Sr,United States,2015
772,Duje Dukan,F,6-10,220,23,1,Wisconsin,Sr,Croatia,2015
773,Stephan Hicks,GF,6-6,200,23,1,Cal State Northridge,Sr,United States,2015
774,Vince Hunter,F,6-8,215,20,1,UTEP,So *,United States,2015
775,Stanton Kidd,F,6-7,215,23,1,Colorado State,Sr,United States,2015
776,J.J. O'Brien,F,6-7,228,23,1,San Diego State,Sr,United States,2015
777,Jordan Sibert,SG,6-4,187,22,1,Dayton,Sr,United States,2015
778,Brandon Ashley,F,6-9,230,20,0,Arizona,Jr *,United States,2015
779,J.J. Avila,F,6-8,250,23,0,Colorado State,Sr,United States,2015
780,Mike Cobbins,PF,6-8,230,22,0,Oklahoma State,Sr,United States,2015
781,Corey Hawkins,G,6-3,195,23,0,UC Davis,Sr,United States,2015
782,Jon Horford,PF,6-10,245,23,0,Florida,Sr,United States,2015
783,Trevor Lacey,G,6-3,207,23,0,NC State,Jr *,United States / Germany,2015
784,Yanick Moreira,C,6-11,220,23,0,Southern Methodist,Sr,Angola,2015
785,Terran Petteway,SF,6-6,209,22,0,Nebraska,Jr *,United States,2015
786,Michael Qualls,G,6-6,205,21,0,Arkansas,Jr *,United States,2015
787,Jordan Railey,C,7-0,245,23,0,Washington State,Sr,United States,2015
788,Joshua Smith,C,6-10,350,23,0,Georgetown,Sr,United States,2015
789,Juwan Staten,G,5-11,186,23,0,West Virginia,Sr,United States,2015
790,Robert Upshaw,C,7-0,250,21,0,Washington,So *,United States,2015
791,Corey Walden,G,6-2,190,22,0,Eastern Kentucky,Sr,United States,2015
792,Chris Walker,PF,6-10,220,20,0,Florida,So *,United States,2015
793,Yogi Ferrell,G,6-0,180,23,5,Indiana,Sr,United States,2016
794,Gary Payton II,G,6-3,195,23,5,Oregon State,Sr,United States,2016
795,Fred VanVleet,G,6-0,195,22,5,Wichita State,Sr,United States,2016
796,Ryan Arcidiacono,G,6-3,195,22,4,Villanova,Sr,United States,2016
797,Alex Caruso,G,6-5,186,22,4,Texas A&M,Sr,United States,2016
798,Shaquille Harrison,G,6-4,190,22,4,Tulsa,Sr,United States,2016
799,Alex Poythress,F,6-9,235,22,3,Kentucky,Sr,United States,2016
800,Marcus Georges-Hunt,G,6-5,215,22,2,Georgia Tech,Sr,United States,2016
801,Joshia Gray,G,6-1,180,22,2,LSU,Sr,United States,2016
802,DeVaughn Akoon-Purcell,GF,6-6,200,23,1,Illinois State,Sr,United States,2016
803,Matt Costello,C,6-10,245,22,1,Michigan State,Sr,United States / Ivory Coast,2016
804,Cody Demps,G,6-4,195,22,1,Sacramento State,Sr,United States,2016
805,Prince Ibeh,C,6-10,260,22,1,Texas,Sr,United States / Rwanda,2016
806,Daniel Ochefu,F,6-11,240,22,1,Villanova,Sr,United States / Nigeria,2016
807,Mike Tobey,C,7-0,260,21,1,Virginia,Sr,United States / Slovenia,2016
808,Jameel Warney,PF,6-8,260,22,1,Stony Brook,Sr,United States,2016
809,Zach Auguste,F,6-10,239,22,0,Notre Dame,Sr,United States,2016
810,Beau Beech,F,6-9,215,22,0,North Florida,Sr,United States,2016
811,Elgin Cook,F,6-6,206,23,0,Oregon,Sr,United States,2016
812,Jaleel Cousins,C,6-11,255,22,0,South Florida,Sr,United States,2016
813,Kellen Dunham,G,6-4,205,23,0,Butler,Sr,United States,2016
814,Perry Ellis,PF,6-7,220,22,0,Kansas,Sr,United States / Japan,2016
815,Alex Hamilton,G,6-4,195,22,0,Louisiana Tech,Sr,United States,2016
816,Stefan Jankovic,F,6-11,235,22,0,Hawaii,Jr *,Canada,2016
817,Isaiah Miles,F,6-8,220,22,0,Saint Joseph's,Sr,United States,2016
818,Codi Miller-McIntyre,G,6-4,204,22,0,Wake Forest,Sr,United States,2016
819,Landry Nnoko,FC,6-10,250,22,0,Clemson,Sr,Cameroon,2016
820,Chris Obekpa,PF,6-9,230,22,0,UNLV,Jr *,United States / Nigeria,2016
821,Mark Ogden,FC,6-9,210,21,0,Dixie State,Sr,United States,2016
822,D'Vauntes Smith-Rivera,G,6-3,215,23,0,Georgetown,Sr,United States,2016
823,Rasheed Sulaimon,SG,6-4,194,22,0,Maryland,Sr,United States,2016
824,Craig Sword,G,6-3,196,22,0,Mississippi State,Sr,United States,2016
825,Kaleb Tarczewski,C,7-0,250,23,0,Arizona,Sr,United States,2016
826,Gabe York,SG,6-3,184,22,0,Arizona,Sr,United States,2016
827,Dorian Finney-Smith,SF,6-7,220,23,5,Florida,Sr,United States,2016
828,Bryn Forbes,G,6-3,195,22,5,Michigan State,Sr,United States,2016
829,Danuel House,F,6-7,215,23,5,Texas A&M,Sr,United States,2016
830,Derrick Jones,SF,6-7,200,19,5,UNLV,Fr *,United States,2016
831,David Nwaba,G,6-4,219,23,5,Cal Poly,Sr,United States,2016
832,Damion Lee,G,6-5,210,23,4,Louisville,Sr,United States,2016
833,Ron Baker,G,6-4,220,23,3,Wichita State,Sr,United States,2016
834,Sheldon Mac,SG,6-6,201,23,3,Miami (FL),Sr,United States,2016
835,Wayne Selden,SG,6-5,230,21,3,Kansas,Jr *,United States,2016
836,Troy Williams,SF,6-7,210,21,3,Indiana,Jr *,United States,2016
837,Jalen Jones,SG,6-7,220,23,2,Texas A&M,Sr,United States,2016
838,Marshall Plumlee,PF,7-1,250,23,2,Duke,Sr,United States,2016
839,Tim Quarterman,G,6-6,195,21,2,LSU,Jr *,United States,2016
840,Isaiah Taylor,G,6-3,170,21,2,Texas,Jr *,United States,2016
841,Jarrod Uthoff,F,6-9,220,23,2,Iowa,Sr,United States,2016
842,Kyle Collinsworth,G,6-6,210,24,1,Brigham Young,Sr,United States,2016
843,Patricio Garino,SF,6-6,203,23,1,George Washington,Sr,Argentina,2016
844,Anthony Gill,PF,6-8,230,23,1,Virginia,Sr,United States,2016
845,Myke Henry,SF,6-6,238,23,1,DePaul,Sr,United States,2016
846,Shawn Long,C,6-9,255,23,1,Louisiana,Sr,United States,2016
847,James Webb III,F,6-9,202,22,1,Boise State,Jr *,United States,2016
848,Kyle Wiltjer,PF,6-10,240,23,1,Gonzaga,Sr,Canada / United States,2016
849,Andrew Andrews,PG,6-2,200,23,0,Washington,Sr,United States,2016
850,Brandon Austin,G,6-6,185,22,0,Northwest Florida State College,So *,United States,2016
851,Gracin Bakumanya,C,6-11,220,18,0,Antibes (France),1997 DOB *,Democratic Republic of the Congo,2016
852,Cat Barber,G,6-1,173,21,0,NC State,Jr *,United States,2016
853,Vashil Fernandez,FC,6-10,260,24,0,Valparaiso,Sr,Jamaica,2016
854,Quincy Ford,SF,6-8,225,23,0,Northeastern,Sr,United States,2016
855,Trey Freeman,G,6-2,185,23,0,Old Dominion,Sr,United States,2016
856,Keith Hornsby,G,6-4,210,24,0,LSU,Sr,United States,2016
857,Julian Jacobs,G,6-4,180,21,0,USC,Jr *,United States,2016
858,Nikola Jovanovic,FC,6-11,240,22,0,USC,Jr *,Serbia,2016
859,Trey Lewis,PG,6-2,185,23,0,Louisville,Sr,United States,2016
860,Egidijus Mockevicius,PF,6-10,237,23,0,Evansville,Sr,Lithuania,2016
861,Mamadou Ndiaye,C,7-6,300,22,0,UC Irvine,Jr *,Senegal / United States,2016
862,Ike Nwamu,GF,6-5,205,23,0,UNLV,Sr,United States / Nigeria,2016
863,Angel Rodriguez,PG,5-11,181,23,0,Miami (FL),Sr,Puerto Rico / United States,2016
864,Thomas Walkup,G,6-4,195,23,0,Stephen F. Austin,Sr,United States,2016
865,Devin Williams,PF,6-9,255,22,0,West Virginia,Jr *,United States,2016
866,Nick Zeisloft,G,6-4,185,23,0,Indiana,Sr,United States,2016
867,Chris Boucher,PF,6-10,200,24,4,Oregon,Sr,Saint Lucia / Canada,2017
868,Luke Kornet,F,7-1,250,21,4,Vanderbilt,Sr,United States,2017
869,Antonius Cleveland,G,6-6,195,23,2,Southeast Missouri State,Sr,United States,2017
870,Isaiah Hicks,PF,6-8,233,22,2,North Carolina,Sr,United States,2017
871,Ben Moore,F,6-8,220,22,2,Southern Methodist,Sr,United States,2017
872,Jaylen Morris,G,6-5,195,21,2,Molloy,Sr,United States,2017
873,Mychal Mulder,GF,6-4,193,23,2,Kentucky,Sr,Canada,2017
874,Matt Thomas,G,6-4,190,22,2,Iowa State,Sr,United States,2017
875,"Derrick Walton, Jr.",PG,6-0,189,22,2,Michigan,Sr,United States,2017
876,Paul Watson,GF,6-6,210,22,2,Fresno State,Sr,United States,2017
877,Troy Caupain,G,6-4,210,21,1,Cincinnati,Sr,United States,2017
878,Gabriel Deck,F,6-6,231,22,1,Quimsa (Argentina),1995 DOB,Argentina,2017
879,Billy Garrett,SG,6-6,215,22,1,DePaul,Sr,United States,2017
880,London Perrantes,G,6-1,194,22,1,Virginia,Sr,United States,2017
881,Tarik Phillip,G,6-3,185,23,1,West Virginia,Sr,United States / England,2017
882,Luca Vildoza,PG,6-3,190,21,1,Quilmes (Argentina),1995 DOB,Argentina,2017
883,Bryce Alford,G,6-3,185,22,0,UCLA,Sr,United States,2017
884,Dakarai Allen,SG,6-5,193,22,0,San Diego State,Sr,United States,2017
885,Marcus Allen,G,6-2,192,22,0,Stanford,Sr,United States,2017
886,Steph Branch,G,6-5,208,21,0,West Georgia,Sr,United States,2017
887,Jared Brownridge,G,6-1,197,22,0,Santa Clara,Sr,United States,2017
888,Jeff Coby,F,6-8,225,23,0,Columbia,Sr,United States,2017
889,Daniel Dixon,G,6-6,210,23,0,William & Mary,Sr,United States,2017
890,Isaac Hamilton,SG,6-4,185,23,0,UCLA,Sr,United States,2017
891,Tra-Deon Hollins,G,6-2,195,21,0,Omaha,Sr,United States,2017
892,Zak Irvin,SG,6-6,215,22,0,Michigan,Sr,United States / Taiwan,2017
893,Matt Jones,SG,6-5,204,22,0,Duke,Sr,United States,2017
894,Bronson Koenig,G,6-3,194,22,0,Wisconsin,Sr,United States,2017
895,JeQuan Lewis,G,6-0,170,22,0,VCU,Sr,United States,2017
896,Marc Loving,F,6-8,220,22,0,Ohio State,Sr,United States,2017
897,Jeremy Morgan,G,6-5,192,22,0,Northern Iowa,Sr,United States,2017
898,Luke Petrasek,F,6-10,208,21,0,Columbia,Sr,United States,2017
899,Kendall Pollard,F,6-6,210,22,0,Dayton,Sr,United States,2017
900,Jeremy Senglin,G,6-0,190,22,0,Weber State,Sr,United States,2017
901,Scoochie Smith,G,6-2,180,22,0,Dayton,Sr,United States,2017
902,Rashawn Thomas,F,6-8,230,22,0,Texas A&M-CC,Sr,United States,2017
903,Ishmail Wainright,GF,6-5,235,22,0,Baylor,Sr,United States / Uganda,2017
904,T.J. Williams,G,6-3,205,22,0,Northeastern,Sr,United States,2017
905,Derek Willis,PF,6-9,230,22,0,Kentucky,Sr,United States,2017
906,P.J. Dozier,PG,6-6,205,20,4,South Carolina,So *,United States,2017
907,Amile Jefferson,PF,6-9,222,24,3,Duke,Sr,United States,2017
908,Naz Long,PG,6-4,218,23,3,Iowa State,Sr,Canada,2017
909,Johnathan Motley,F,6-10,230,22,3,Baylor,Jr *,United States,2017
910,Kobi Simmons,PG,6-5,166,19,3,Arizona,Fr *,United States,2017
911,Antonio Blakeney,SG,6-4,197,20,2,LSU,So *,United States,2017
912,Deonte Burton,F,6-5,240,23,2,Iowa State,Sr,United States,2017
913,Tyler Cavanaugh,F,6-9,240,23,2,George Washington,Sr,United States,2017
914,Charles Cooke,G,6-5,195,22,2,Dayton,Sr,United States,2017
915,Dusty Hannahs,GF,6-3,210,23,2,Arkansas,Sr,United States,2017
916,Devin Robinson,F,6-7,200,22,2,Florida,Jr *,United States,2017
917,Jamel Artis,F,6-7,213,24,1,Pittsburgh,Sr,United States,2017
918,Amida Brimah,C,6-11,230,23,1,Connecticut,Sr,Ghana,2017
919,Isaiah Briscoe,PG,6-3,210,21,1,Kentucky,So *,United States,2017
920,Gian Clavell,G,6-4,185,23,1,Brujos de Guayama (United States),1993 DOB,Puerto Rico / United States,2017
921,Milton Doyle,G,6-4,185,23,1,Loyola (IL),Sr,United States,2017
922,Marko Guduric,SG,6-6,201,22,1,KK Crvena Zvezda (Serbia),1995 DOB,Serbia,2017
923,Nigel Hayes,F,6-8,254,22,1,Wisconsin,Sr,United States,2017
924,Isaac Humphries,C,6-11,255,19,1,Kentucky,So *,Australia,2017
925,Jaylen Johnson,F,6-9,230,20,1,Louisville,Jr *,United States,2017
926,Tahjere McCall,G,6-4,190,22,1,Tennessee State,Sr,United States,2017
927,Erik McCree,F,6-8,228,23,1,Louisiana Tech,Sr,United States,2017
928,Eric Mika,F,6-10,233,22,1,Brigham Young,So *,United States,2017
929,Cameron Oliver,C,6-8,225,20,1,Nevada,So *,United States,2017
930,Rodney Purvis,G,6-4,205,23,1,Connecticut,Sr,United States,2017
931,Xavier Rathan-Mayes,SG,6-4,208,23,1,Florida State,Jr *,Canada,2017
932,Andrew White,F,6-7,210,24,1,Syracuse,Sr,United States,2017
933,Matt Williams,G,6-5,210,23,1,UCF,Sr,United States,2017
934,Yudai Baba,SG,6-5,198,21,0, ,1995 DOB,Japan,2017
935,Canyon Barry,SG,6-6,205,23,0,Florida,Sr,United States,2017
936,V.J. Beachem,F,6-8,205,22,0,Notre Dame,Sr,United States,2017
937,"James Blackmon, Jr.",SG,6-4,200,22,0,Indiana,Jr *,United States,2017
938,Torian Graham,G,6-5,195,24,0,Arizona State,Sr,United States,2017
939,Terry Henderson,SG,6-4,200,23,0,NC State,Sr,United States,2017
940,Ike Iroegbu,G,6-2,195,22,0,Washington State,Sr,United States / Nigeria,2017
941,Peter Jok,G,6-6,205,23,0,Iowa,Sr,South Sudan,2017
942,Tidjan Keita,SF,6-10,205,20,0, ,1996 DOB *,France / Guinea,2017
943,Jordan Mathews,SG,6-4,203,23,0,Gonzaga,Sr,United States,2017
944,Kennedy Meeks,PF,6-10,270,22,0,North Carolina,Sr,United States,2017
945,Kamari Murphy,PF,6-9,218,23,0,Miami (FL),Sr,United States,2017
946,L.J. Peak,GF,6-5,215,21,0,Georgetown,Jr *,United States,2017
947,Trevor Thompson,F,7-0,250,23,0,Ohio State,Jr *,United States,2017
948,Melo Trimble,G,6-3,195,22,0,Maryland,Jr *,United States,2017
949,Jacorey Williams,PF,6-8,220,23,0,Middle Tennessee State,Sr,United States,2017
950,Georginho de Paula,G,6-6,194,21,0,Paulistano (Brazil),1996 DOB *,Brazil,2017
951,Chris Chiozza,PG,5-11,176,22,3,Florida,Sr,United States,2018
952,Gary Clark,SF,6-6,225,23,3,Cincinnati,Sr,United States,2018
953,Jaylen Adams,PG,6-0,225,22,2,St. Bonaventure,Sr,United States,2018
954,Daryl Macon,PG,6-3,185,22,2,Arkansas,Sr,United States,2018
955,J.P. Macura,SG,6-5,205,23,2,Xavier,Sr,United States,2018
956,Kelan Martin,SF,6-7,220,22,2,Butler,Sr,United States,2018
957,Jordan McLaughlin,G,6-1,185,22,2,USC,Sr,United States,2018
958,Gabe Vincent,G,6-3,195,22,2,UC Santa Barbara,Sr,United States / Nigeria,2018
959,Justin Bibbs,G,6-5,220,22,1,Virginia Tech,Sr,United States,2018
960,"Bonzie Colson, Jr.",PF,6-5,225,22,1,Notre Dame,Sr,United States,2018
961,Donte Grantham,PF,6-8,215,23,1,Clemson,Sr,United States,2018
962,Haywood Highsmith,F,6-7,220,21,1,Wheeling Jesuit,Sr,United States,2018
963,Jemerrio Jones,F,6-5,175,23,1,New Mexico State,Sr,United States,2018
964,Yante Maten,PF,6-7,240,21,1,Georgia,Sr,United States,2018
965,Dakota Mathias,SG,6-4,200,22,1,Purdue,Sr,United States,2018
966,Jae'sean Tate,F,6-4,230,22,1,Ohio State,Sr,United States,2018
967,Emanuel Terry,F,6-9,220,21,1,Lincoln Memorial,Sr,United States,2018
968,C.J. Anderson,G,6-6,207,22,0,Massachusetts,Sr,United States,2018
969,Jaylen Barford,SG,6-2,207,22,0,Arkansas,Sr,United States,2018
970,Jordan Barnett,SF,6-7,215,22,0,Missouri,Sr,United States,2018
971,Tim Bond,G,6-7,160,22,0,Eastern Michigan,Sr,United States,2018
972,Aaron Epps,F,6-10,225,22,0,LSU,Sr,United States,2018
973,Matt Farrell,PG,6-1,175,22,0,Notre Dame,Sr,United States,2018
974,Isaac Haas,C,7-2,290,22,0,Purdue,Sr,United States,2018
975,Donte Ingram,GF,6-6,215,21,0,Loyola (IL),Sr,United States,2018
976,Robert Johnson,SG,6-4,195,23,0,Indiana,Sr,United States,2018
977,Tiwian Kendley,SG,6-5,190,23,0,Morgan State,Sr,United States,2018
978,Oleksandr Kobets,SG,6-6,205,22,0,SK Cherkasy Monkeys (Ukraine),1996 DOB,Ukraine,2018
979,Jock Landale,C,6-11,255,22,0,Saint Mary's,Sr,Australia,2018
980,William Lee,F,6-9,206,23,0,UAB,Sr,United States,2018
981,Scottie Lindsey,SG,6-5,175,22,0,Northwestern,Sr,United States / Portugal,2018
982,Dorian Pickens,GF,6-5,215,22,0,Stanford,Sr,United States,2018
983,Jeff Roberson,F,6-6,220,21,0,Vanderbilt,Sr,United States,2018
984,Desi Rodriguez,SF,6-6,220,22,0,Seton Hall,Sr,United States,2018
985,Zach Smith,SF,6-8,220,22,0,Texas Tech,Sr,United States,2018
986,Elijah Stewart,SF,6-5,194,22,0,USC,Sr,United States / Poland,2018
987,Taren Sullivan,F,6-6,220,22,0,Findlay,Sr,United States,2018
988,Tyrius Walker,G,6-1,185,22,0,Morehouse,Sr,United States,2018
989,Isaiah Wilkins,F,6-8,205,22,0,Virginia,Sr,United States,2018
990,Todd Withers,G,6-7,216,22,0,Queens University,Sr,United States,2018
991,Drew Eubanks,C,6-10,245,21,3,Oregon State,Jr *,United States,2018
992,Wenyen Gabriel,PF,6-9,205,21,3,Kentucky,So *,South Sudan,2018
993,Brandon Goodwin,PG,6-0,180,22,3,Florida Gulf Coast,Sr,United States,2018
994,Kendrick Nunn,SG,6-3,195,22,3,Oakland,Sr,United States,2018
995,Theo Pinson,SG,6-5,212,22,3,North Carolina,Sr,United States,2018
996,Cam Reynolds,F,6-8,225,23,3,Tulane,Sr,United States,2018
997,Duncan Robinson,F,6-8,210,24,3,Michigan,Sr,United States,2018
998,Yuta Watanabe,F,6-9,205,23,3,George Washington,Sr,Japan,2018
999,Kenrich Williams,SF,6-7,210,23,3,Texas Christian,Sr,United States,2018
1000,Joe Chealey,PG,6-4,190,22,2,Charleston,Sr,United States,2018
1001,B.J. Johnson,SF,6-7,200,22,2,La Salle,Sr,United States,2018
1002,Allonzo Trier,SG,6-5,200,22,2,Arizona,Jr *,United States,2018
1003,Johnathan Williams,PF,6-9,228,23,2,Gonzaga,Sr,United States,2018
1004,Deng Adel,SF,6-7,196,21,1,Louisville,Jr *,South Sudan / Australia,2018
1005,Rawle Alkins,SG,6-5,225,20,1,Arizona,So *,United States,2018
1006,Trevon Bluiett,SG,6-6,198,23,1,Xavier,Sr,United States,2018
1007,Elijah Bryant,SG,6-5,210,23,1,Brigham Young,Jr *,United States,2018
1008,Marcus Derrickson,PF,6-7,271,22,1,Georgetown,Jr *,United States,2018
1009,Zach Lofton,G,6-4,180,25,1,New Mexico State,Sr,United States,2018
1010,Malik Newman,SG,6-3,190,21,1,Kansas,So *,United States,2018
1011,Brandon Sampson,SG,6-5,184,21,1,LSU,Jr *,United States,2018
1012,Braian Angola-Rodas,F,6-6,195,24,0,Florida State,Sr,Colombia,2018
1013,LiAngelo Ball,SF,6-5,230,19,0,Vytautas Prienu (Lithuania),1998 DOB *,United States,2018
1014,Joel Berry,PG,6-0,195,23,0,North Carolina,Sr,United States,2018
1015,Perrion Callandret,G,6-3,180,23,0,Idaho,Sr,United States,2018
1016,Phil Carr,PF,6-8,205,22,0,Morgan State,Sr,United States,2018
1017,Jeffrey Carroll,SF,6-6,205,23,0,Oklahoma State,Sr,United States,2018
1018,Markel Crawford,SG,6-4,210,23,0,Ole Miss,Sr,United States,2018
1019,Devin Davis,F,6-6,225,23,0,Houston,Sr,United States,2018
1020,Demetrius Denzel-Dyson,G,6-5,200,23,0,Samford,Sr,United States,2018
1021,Dikembe Dixson,PF,6-7,200,21,0,Illinois-Chicago,So *,United States,2018
1022,John Egbunu,C,6-9,253,23,0,Florida,Sr,Nigeria,2018
1023,Kaiser Gates,SF,6-7,225,21,0,Xavier,Jr *,United States,2018
1024,Rob Gray,PG,6-4,185,24,0,Houston,Sr,United States / France,2018
1025,Johnny Hamilton,C,7-0,230,24,0,Texas-Arlington,Sr,United States,2018
1026,D.J. Hogg,SF,6-9,215,21,0,Texas A&M,Jr *,United States,2018
1027,Darin Johnson,G,6-5,191,23,0,Delaware 87ers,1995 DOB,United States,2018
1028,Ismaila Kane,C,6-9,200,20,0,Atlanta Metropolitan,Fr *,United States / Senegal,2018
1029,Nicholas King,SF,6-7,225,22,0,Middle Tennessee State,Sr,United States,2018
1030,Terry Larrier,SF,6-8,195,22,0,Connecticut,Jr *,United States,2018
1031,Marcus Lee,C,6-11,225,23,0,California,Sr,United States,2018
1032,Jairus Lyles,G,6-2,175,22,0,UMBC,Sr,United States,2018
1033,Brandon McCoy,C,7-0,250,20,0,UNLV,Fr *,United States,2018
1034,Doral Moore,C,7-1,280,21,0,Wake Forest,Jr *,United States,2018
1035,Nuni Omot,SF,6-9,205,23,0,Baylor,Sr,Kenya / South Sudan,2018
1036,Jonathan Stark,PG,6-0,180,23,0,Murray State,Sr,United States,2018
1037,Devontae Cacok,PF,6-7,240,22,2,UNC Wilmington,Sr,United States,2019
1038,Chris Clemons,PG,5-9,180,21,2,Campbell,Sr,United States,2019
1039,Terence Davis,SF,6-4,205,22,2,Ole Miss,Sr,United States,2019
1040,Tacko Fall,C,7-5,311,23,2,UCF,Sr,Senegal,2019
1041,Robert Franks,C,6-7,225,22,2,Washington State,Sr,United States,2019
1042,Donta Hall,PF,6-9,229,21,2,Alabama,Sr,United States,2019
1043,DaQuan Jeffries,SF,6-5,225,22,2,Tulsa,Sr,United States,2019
1044,Jeremiah Martin,PG,6-3,185,23,2,Memphis,Sr,United States,2019
1045,Juwan Morgan,PF,6-8,241,22,2,Indiana,Sr,United States,2019
1046,Justin Robinson,PG,6-1,195,21,2,Virginia Tech,Sr,United States,2019
1047,Chris Silva,PF,6-8,234,22,2,South Carolina,Sr,Gabon,2019
1048,Dean Wade,PF,6-10,228,22,2,Kansas State,Sr,United States,2019
1049,Kyle Alexander,PF,6-10,216,22,1,Tennessee,Sr,Canada,2019
1050,Devin Cannady,PG,6-2,183,23,1,Princeton,Sr,United States,2019
1051,Josh Reaves,SG,6-5,214,22,1,Penn State,Sr,United States,2019
1052,Jalen Adams,PG,6-2,195,23,0,Connecticut,Sr,United States,2019
1053,Shizz Alston,SG,6-4,180,22,0,Temple,Sr,United States,2019
1054,Bennie Boatwright,PF,6-10,235,22,0,USC,Sr,United States,2019
1055,Bryce Brown,SG,6-3,198,21,0,Auburn,Sr,United States,2019
1056,Chad Brown,C,6-9,245,22,0,UCF,Sr,United States,2019
1057,"Barry Brown, Jr.",SG,6-3,195,22,0,Kansas State,Sr,United States,2019
1058,Shaq Buchanan,G,6-3,190,22,0,Murray State,Sr,United States,2019
1059,Ahmad Caver,PG,6-2,174,22,0,Old Dominion,Sr,United States,2019
1060,Jon Davis,SG,6-2,193,22,0,Charlotte,Sr,United States,2019
1061,Tyler Hall,SG,6-5,209,22,0,Montana State,Sr,United States,2019
1062,Aric Holman,C,6-9,225,21,0,Mississippi State,Sr,United States,2019
1063,Christ Koumadje,C,7-4,270,22,0,Florida State,Sr,Senegal,2019
1064,David Kramer,SG,6-3,185,22,0,Ratiopharm Ulm (Germany),1997 DOB,Slovakia / Austria,2019
1065,"Anthony Lawrence, Jr.",SF,6-7,210,22,0,Miami (FL),Sr,United States,2019
1066,C.J. Massinburg,SG,6-5,205,22,0,Buffalo,Sr,United States,2019
1067,Luke Maye,PF,6-8,240,22,0,North Carolina,Sr,United States,2019
1068,Matt Morgan,G,6-2,174,21,0,Cornell,Sr,United States,2019
1069,Jordan Murphy,SF,6-6,250,22,0,Minnesota,Sr,United States,2019
1070,Kavion Pippen,F,6-10,240,22,0,Southern Illinois,Sr,United States,2019
1071,"Galen Robinson, Jr.",PG,6-1,190,22,0,Houston,Sr,United States,2019
1072,Kenny Williams,SG,6-4,190,22,0,North Carolina,Sr,United States,2019
1073,Marques Bolden,C,6-10,249,21,2,Duke,Jr *,United States,2019
1074,OShae Brissett,PF,6-7,210,20,2,Syracuse,So *,Canada,2019
1075,Charlie Brown,SG,6-6,199,22,2,Saint Joseph's,So *,United States,2019
1076,Moses Brown,C,7-1,245,19,2,UCLA,Fr *,United States,2019
1077,Tyler Cook,C,6-8,245,21,2,Iowa,Jr *,United States,2019
1078,Luguentz Dort,PG,6-4,215,20,2,Arizona State,Fr *,Canada,2019
1079,Jared Harper,PG,5-11,175,21,2,Auburn,Jr *,United States,2019
1080,Jaylen Hoard,PF,6-8,216,20,2,Wake Forest,Fr *,France,2019
1081,Louis King,SF,6-7,205,20,2,Oregon,Fr *,United States,2019
1082,John Konchar,G,6-5,210,23,2,Fort Wayne,Sr,United States,2019
1083,Jalen Lecque,SG,6-4,185,19,2, ,*,United States,2019
1084,Caleb Martin,F,6-7,205,23,2,Nevada,Sr,United States,2019
1085,Jontay Porter,PF,6-10,236,19,2,Missouri,So *,United States,2019
1086,Naz Reid,C,6-9,264,19,2,LSU,Fr *,United States,2019
1087,Max Strus,G,6-5,220,23,2,DePaul,Sr,United States,2019
1088,Rayjon Tucker,SF,6-3,209,21,2,Little Rock,Jr *,United States,2019
1089,Keljin Blevins,G,6-6,200,23,1,Montana State,Sr,United States,2019
1090,Ky Bowman,SG,6-1,188,22,1,Boston College,Jr *,United States,2019
1091,Armoni Brooks,SG,6-3,195,21,1,Houston,Jr *,United States,2019
1092,Zylan Cheatham,SF,6-8,220,23,1,Arizona State,Sr,United States,2019
1093,Vic Law,SG,6-7,200,23,1,Northwestern,Sr,United States,2019
1094,Matt Mooney,G,6-3,200,22,1,Texas Tech,Sr,United States,2019
1095,Zach Norvell,SG,6-5,205,21,1,Gonzaga,So *,United States,2019
1096,Tariq Owens,PF,6-10,205,23,1,Texas Tech,Sr,United States,2019
1097,Shamorie Ponds,SG,6-1,180,20,1,St. John's,Jr *,United States,2019
1098,Kenny Wooten,PF,6-8,235,21,1,Oregon,So *,United States,2019
1099,Sedrick Barefield,PG,6-2,190,22,0,Utah,Sr,United States,2019
1100,Tyus Battle,SG,6-6,205,21,0,Syracuse,Jr *,United States,2019
1101,Javon Bess,F,6-6,220,23,0,Saint Louis,Sr,United States,2019
1102,Kavell Bigby-Williams,F,6-11,250,23,0,LSU,Sr,England,2019
1103,Phil Booth,G,6-2,190,23,0,Villanova,Sr,United States,2019
1104,Jordan Caroline,F,6-7,235,23,0,Nevada,Sr,United States,2019
1105,Aubrey Dawkins,F,6-6,205,24,0,UCF,Jr *,United States,2019
1106,Skyler Flatten,G,6-6,210,23,0,South Dakota State,Sr,United States,2019
1107,JaKeenan Gant,F,6-8,220,23,0,Louisiana,Sr,United States,2019
1108,Hassani Gravett,SG,6-2,188,22,0,South Carolina,Sr,United States,2019
1109,Terry Harris,GF,6-6,215,23,0,North Carolina A&T,Sr,United States,2019
1110,Amir Hinton,G,6-5,190,22,0,Shaw,Jr *,United States,2019
1111,Daulton Hommes,G,6-8,215,22,0,Point Loma,Jr *,United States,2019
1112,V.J. King,SF,6-5,190,22,0,Louisville,Jr *,United States,2019
1113,Sagaba Konate,PF,6-7,260,22,0,West Virginia,Jr *,Mali,2019
1114,Dedric Lawson,PF,6-7,230,21,0,Kansas,Jr *,United States,2019
1115,Matur Maker,PF,6-11,205,21,0,Zlatorog (Slovenia),1998 DOB,Australia / South Sudan,2019
1116,Charles Matthews,SG,6-6,205,22,0,Michigan,Jr *,United States,2019
1117,William McDowell-White,PG,6-5,185,21,0,Baunach Young Pikes (Germany),1998 DOB *,Australia,2019
1118,Trey Mourning,F,6-9,220,23,0,Georgetown,Sr,United States,2019
1119,Norense Odiase,F,6-8,250,23,0,Texas Tech,Sr,United States,2019
1120,"James Palmer, Jr.",G,6-5,207,22,0,Nebraska,Sr,United States,2019
1121,Josh Perkins,G,6-2,190,23,0,Gonzaga,Sr,United States,2019
1122,Lamar Peters,PG,6-0,185,21,0,Mississippi State,Jr *,United States,2019
1123,Isaiah Pineiro,SF,6-7,215,24,0,San Diego,Sr,United States / Puerto Rico,2019
1124,Alex Robinson,PG,6-1,180,24,0,Texas Christian,Sr,United States,2019
1125,Simi Shittu,FC,6-10,240,19,0,Vanderbilt,Fr *,England / Canada,2019
1126,Justin Simon,PG,6-5,215,23,0,St. John's,Jr *,United States,2019
1127,B.J. Taylor,PG,6-2,200,22,0,UCF,Sr,United States,2019
1128,Tre'Shawn Thurman,F,6-7,225,23,0,Nevada,Sr,United States,2019
1129,Lindell Wigginton,SG,6-1,189,21,0,Iowa State,So *,Canada,2019
1130,Mason Jones,G,6-4,200,22,1,Arkansas,Jr *,United States,2020
1131,Anthony Lamb,PF,6-6,225,22,1,Vermont,Sr,United States,2020
1132,Naji Marshall,SF,6-7,220,22,1,Xavier,Jr *,United States,2020
1133,Lamar Stevens,SF,6-8,225,23,1,Penn State,Sr,United States,2020
1134,Jordan Bowden,GF,6-5,193,23,0,Tennessee,Sr,United States,2020
1135,Yoeli Childs,PF,6-8,225,22,0,Brigham Young,Sr,United States,2020
1136,Keandre Cook,G,6-5,187,23,0,Missouri State,Sr,United States,2020
1137,Javin DeLaurier,PF,6-10,237,22,0,Duke,Sr,United States,2020
1138,Jeff Dowtin,PG,6-3,180,23,0,Rhode Island,Sr,United States,2020
1139,Paul Eboua,F,6-7,214,20,0,Carpegna Prosciutto Basket Pesaro (Italy),2000 DOB *,Cameroon,2020
1140,Jaime Echenique,C,6-11,258,23,0,Wichita State,Sr,Colombia,2020
1141,Jordan Ford,PG,6-1,175,22,0,Saint Mary's,Sr,United States,2020
1142,Rayshaun Hammonds,SF,6-9,190,22,0,Georgia,Jr *,United States,2020
1143,Kevon Harris,SF,6-6,219,23,0,Stephen F. Austin,Sr,United States,2020
1144,Ade Murkey,SF,6-5,200,22,0,Denver,Sr,United States,2020
1145,Devonte Patterson,F,6-7,205,24,0,Prairie View A&M,Sr,United States,2020
1146,Elijah Pemberton,SF,6-5,195,23,0,Hofstra,Sr,United States,2020
1147,Myles Powell,SG,6-2,195,23,0,Seton Hall,Sr,United States,2020
1148,Quinton Rose,SG,6-8,185,22,0,Temple,Sr,United States,2020
1149,Xavier Sneed,SF,6-5,215,22,0,Kansas State,Sr,United States,2020
1150,Jon Teske,PF,7-1,265,23,0,Michigan,Sr,United States,2020
1151,Jahlil Tripp,SF,6-5,215,23,0,Pacific,Sr,United States,2020
1152,Breein Tyree,PG,6-2,195,22,0,Ole Miss,Sr,United States,2020
1153,Christian Vital,PG,6-2,187,23,0,Connecticut,Sr,United States,2020
1154,Kaleb Wesson,C,6-9,270,21,0,Ohio State,Jr *,United States,2020
1155,Kahlil Whitney,SF,6-6,210,19,0,Kentucky,Fr *,United States,2020
1156,Mamadi Diakite,PF,6-9,218,23,1,Virginia,Sr,Guinea,2020
1157,Malik Fitts,SF,6-8,230,23,1,Saint Mary's,Jr *,United States,2020
1158,Freddie Gillespie,F,6-9,245,23,1,Baylor,Sr,United States,2020
1159,Caleb Homesley,SG,6-6,205,23,1,Liberty,Sr,United States,2020
1160,Brodric Thomas,G,6-5,185,23,1,Truman State,Sr,United States,2020
1161,Omer Yurtseven,C,7-0,265,22,1,Georgetown,Jr *,Uzbekistan / Turkey,2020
1162,Lamine Diane,GF,6-7,205,23,0,Cal State Northridge,So *,Senegal,2020
1163,Romaro Gill,C,7-2,255,26,0,Seton Hall,Sr,U.S. Virgin Islands / United States,2020
1164,Kylor Kelley,C,7-0,215,23,0,Oregon State,Sr,United States,2020
1165,E.J. Montgomery,F,6-10,228,21,0,Kentucky,So *,United States,2020
1166,Trevelin Queen,G,6-6,190,23,0,New Mexico State,Sr,United States,2020
1167,Tre Scott,SF,6-8,225,23,0,Cincinnati,Sr,United States,2020
1168,Nate Sestina,PF,6-9,234,23,0,Kentucky,Sr,United States,2020
1169,Zavier Simpson,PG,6-0,190,23,0,Michigan,Sr,United States,2020
1170,Dwayne Sutton,SG,6-5,220,23,0,Louisville,Sr,United States,2020
1171,Marlon Taylor,G,6-5,209,23,0,LSU,Sr,United States,2020
1172,Tres Tinkle,SF,6-7,225,24,0,Oregon State,Sr,United States,2020
1173,Jake Toolson,G,6-5,205,24,0,Brigham Young,Sr,United States,2020
