,Pick,Player,Team,Draft Trades,Pos,HT,WT,Age,YOS,Pre-Draft Team,Class,Nationality,draft_year,
0,30,Marko Jaric,LAC,,GF,6-7,224,21,8,Fortituto Kontatto Bologna (Italy),1978 DOB,Serbia / Greece,2000,
1,31,Dan Langhi,DAL,DAL to HOU,FC,6-11,220,22,4,Vanderbilt,Sr,United States,2000,
2,32,A.J. Guyton,CHI,,PG,6-1,180,22,4,Indiana,Sr,United States,2000,
3,33,Jake Voskuhl,CHI,,C,6-11,245,22,9,Connecticut,Sr,United States,2000,
4,34,Khalid El-Amin,CHI,,G,5-10,200,21,3,Connecticut,Jr *,United States,2000,
5,35,Mike Smith,WAS,,F,6-8,195,24,3,Louisiana-Monroe,Sr,United States,2000,
6,36,Soumaila Samake,NJN,,C,7-0,230,22,4,Cincinnati Stuff (United States),1978 DOB,Mali,2000,
7,37,Eddie House,MIA,,G,6-1,190,22,11,Arizona State,Sr,United States,2000,
8,38,Eduardo Najera,HOU,HOU to DAL,F,6-8,235,23,12,Oklahoma,Sr,Mexico,2000,
9,39,Lavor Postell,NYK,,SF,6-5,215,22,4,St. John's,Sr,United States,2000,
10,40,Hanno Mottola,ATL,,FC,6-10,247,23,2,Utah,Sr,Finland,2000,
11,41,Chris Carrawell,SAN,,F,6-6,215,22,1,Duke,Sr,United States,2000,
12,42,Olumide Oyedeji,SEA,,C,6-11,240,19,3,DJK Wurzburg (Germany),1981 DOB *,Nigeria,2000,
13,43,Michael Redd,MIL,,G,6-6,220,20,12,Ohio State,Jr *,United States,2000,
14,44,Brian Cardinal,DET,,PF,6-8,245,23,12,Purdue,Sr,United States,2000,
15,45,Jabari Smith,SAC,,C,6-11,250,23,5,LSU,Sr,United States,2000,
16,46,DeeAndre Hulett,TOR,,F,6-8,215,19,0,Las Vegas Silver Bandits (United States),1980 DOB,United States,2000,
17,47,Josip Sesar,SEA,SEA to BOS,G-F,6-6,202,22,0,KK Cibona (Croatia),1978 DOB,Croatia,2000,
18,48,Mark Karcher,PHL,,F,6-5,215,21,1,Temple,Jr *,United States,2000,
19,49,Jason Hart,MIL,,G,6-3,180,22,9,Syracuse,Sr,United States,2000,
20,50,Kaniel Dickens,UTH,,F,6-8,215,21,5,Idaho,Jr *,United States,2000,
21,51,Igor Rakocevic,MIN,,G,6-3,183,22,1,KK Crvena Zvezda (Serbia),1978 DOB,Serbia,2000,
22,52,Ernest Brown,MIA,,C,7-0,244,21,4,Indian Hills,So *,United States,2000,
23,53,Dan McClintock,DEN,,C,7-0,270,23,1,Northern Arizona,Sr,United States,2000,
24,54,Cory Hightower,SAN,SAN to LAL,G-F,6-8,200,20,2,Indian Hills,So *,United States,2000,
25,55,Chris Porter,GOS,,F,6-7,215,22,2,Auburn,Sr,United States,2000,
26,56,Jaquay Walls,IND,,G,6-3,170,22,1,Colorado,Sr,United States,2000,
27,57,Scoonie Penn,ATL,,G,5-11,180,23,1,Ohio State,Sr,United States,2000,
28,58,Pete Mickeal,DAL,DAL to NYK,SF,6-6,225,22,2,Cincinnati,Sr,United States,2000,
29,29,Trenton Hassell,CHI,,F,6-5,227,22,9,Austin Peay,Jr *,,2001,
30,30,Gilbert Arenas,GOS,,G,6-3,191,19,11,Arizona,So *,,2001,
31,31,Omar Cook,ORL,ORL to DEN,PG,6-2,190,19,4,St. John's,Fr *,,2001,
32,32,Will Solomon,VAN,,G,6-1,181,22,2,Clemson,Jr *,,2001,
33,33,Terence Morris,ATL,ATL to HOU,F,6-9,221,22,4,Maryland,Sr,,2001,
34,34,Brian Scalabrine,NJN,,PF,6-9,241,23,11,USC,Sr,,2001,
35,35,Jeff Trepagnier,CLE,,G,6-4,200,21,3,USC,Sr,,2001,
36,36,Damone Brown,PHL,,F,6-9,200,21,4,Syracuse,Sr,,2001,
37,37,Mehmet Okur,DET,,FC,6-11,249,22,10,Anadolu Efes (Turkey),1979 DOB,,2001,
38,38,Ali Karadeniz,NYK,,F,6-7,238,21,1,Arizona,Jr *,,2001,
39,39,Earl Watson,SEA,,PG,6-1,199,22,13,UCLA,Sr,,2001,
40,40,Jamison Brewer,IND,,PG,6-4,180,20,4,Auburn,So *,,2001,
41,41,Bobby Simmons,SEA,SEA to WAS,F,6-6,235,21,11,DePaul,Jr *,,2001,
42,42,Eric Chenowith,NYK,,C,7-1,270,22,3,Kansas,Sr,,2001,
43,43,Kyle Hill,DAL,DAL to HOU,G,6-2,185,22,0,Eastern Illinois,Sr,,2001,
44,44,Sean Lampley,CHI,CHI to MIA,F-G,6-6,213,21,3,California,Sr,,2001,
45,45,Loren Woods,MIN,,C,7-1,245,23,6,Arizona,Sr,,2001,
46,46,Ousmane Cisse,DEN,,FC,6-8,225,18,2,St. Jude High School (Alabama),1982 DOB *,,2001,
47,47,Antonis Fotsis,VAN,,PF,6-8,248,20,1,AX Armani Exchange Milan (Italy),1981 DOB *,,2001,
48,48,Ken Johnson,MIA,,C,6-11,240,23,2,Ohio State,Sr,,2001,
49,49,Ruben Boumtje-Boumtje,POR,,C,7-0,260,23,4,Georgetown,Sr,,2001,
50,50,Alton Ford,PHX,,PF,6-9,275,20,4,Houston,Fr *,,2001,
51,51,Andre Hutson,MIL,,F,6-8,240,22,1,Michigan State,Sr,,2001,
52,52,Jarron Collins,UTH,,C,6-11,248,22,10,Stanford,Sr,,2001,
53,53,Kenny Satterfield,DAL,DAL to DEN,PG,6-2,186,20,3,Cincinnati,So *,,2001,
54,54,Maurice Jeffers,SAC,,SG,6-4,200,22,1,Saint Louis,Sr,,2001,
55,55,Robertas Javtokas,SAN,,PF,6-11,247,21,0,Lietuvos Rytas (Lithuania),1980 DOB *,,2001,
56,56,Alvin Jones,PHL,,PF,6-11,265,22,2,Georgia Tech,Sr,,2001,
57,57,Bryan Bracey,SAN,,F,6-7,210,22,1,Oregon,Sr,,2001,
58,29,Steve Logan,GOS,GOS to DAL,G,5-10,195,22,0,Cincinnati,Sr,United States,2002,
59,30,Roger Mason,CHI,,SG,6-5,205,21,11,Virginia,Jr *,United States,2002,
60,31,Robert Archibald,MEM,,PF,6-11,250,22,2,Illinois,Sr,Scotland,2002,
61,32,Vincent Yarbrough,DEN,,F,6-7,210,21,2,Tennessee,Sr,United States,2002,
62,33,Dan Gadzuric,MIL,,FC,6-11,240,24,10,UCLA,Sr,Netherlands / United States,2002,
63,34,Carlos Boozer,CLE,,PF,6-9,266,20,13,Duke,Jr *,Germany / United States,2002,
64,35,Milos Vujanic,NYK,NYK to PHX,G,6-4,195,21,0,KK Partizan (Serbia),1980 DOB,Serbia,2002,
65,36,David Andersen,ATL,ATL to HOU,F,7-0,242,22,2,Virtus Bologna (Italy),1980 DOB,Australia,2002,
66,37,Tito Maddox,HOU,,G,6-4,190,21,2,Fresno State,Jr *,United States,2002,
67,38,Rod Grizzard,WAS,,G,6-8,200,22,2,Alabama,Jr *,United States,2002,
68,39,Juan Carlos Navarro,WAS,WAS to MEM,SG,6-4,170,22,1,Barca (Spain),1980 DOB,Spain,2002,
69,40,Mario Kasun,LAC,LAC to ORL,C,6-10,260,22,2,Koln 99ers (Germany),1980 DOB,Croatia,2002,
70,41,Flip Murray,MIL,,SG,6-3,200,22,8,Shaw,Sr,United States,2002,
71,42,Jason Jennings,POR,,C,7-0,250,23,1,Arkansas State,Sr,United States,2002,
72,43,Lonny Baxter,CHI,,PF,6-8,260,23,4,Maryland,Sr,United States,2002,
73,44,Sam Clancy,PHL,,F,6-7,240,22,2,USC,Sr,United States,2002,
74,45,Matt Barnes,MEM,MEM to CLE,GF,6-7,226,22,15,UCLA,Sr,United States,2002,
75,46,Jamal Sampson,UTH,"UTH to ORL
ORL to MIL",FC,6-11,235,19,5,California,Fr *,United States,2002,
76,47,Chris Owens,MIL,MIL to MEM,SF,6-7,245,23,1,Texas,Sr,United States,2002,
77,48,Peter Fehse,SEA,OKC to UTH,F,7-0,205,19,0,SV Halle (Germany),1983 DOB *,Germany,2002,
78,49,Darius Songaila,BOS,BOS to SAC,PF,6-8,248,24,8,Wake Forest,Sr,Lithuania,2002,
79,50,Federico Kammerichs,POR,,FC,6-9,225,22,0,CB Ourense (Spain),1980 DOB,Argentina / Germany,2002,
80,51,Marcus Taylor,MIN,,G,6-3,195,20,1,Michigan State,So *,United States,2002,
81,52,Rasual Butler,MIA,,GF,6-7,215,23,13,La Salle,Sr,United States,2002,
82,53,Tamar Slay,NJN,,GF,6-8,215,22,3,Marshall,Sr,United States,2002,
83,54,Mladen Sekularac,DAL,DAL to GOS,G-F,6-8,205,21,0,KK FMP (Serbia),1981 DOB *,Montenegro,2002,
84,55,Luis Scola,SAN,SAN to HOU,PF,6-9,241,22,10,Baskonia (Spain),1980 DOB,Argentina,2002,
85,56,Raed Farid Elhamali,SAN,"SAN to PHL
PHL to ATL",F,6-9,225,22,3,San Diego State,Sr,United States / Libya,2002,
86,57,Corsley Edwards,SAC,,PF,6-9,275,23,2,Central Connecticut State,Sr,United States,2002,
87,30,Maciej Lampe,NYK,,FC,6-11,275,18,3,Complutense University (Spain),1985 DOB *,Poland,2003,
88,31,Jason Kapono,CLE,,SF,6-8,213,22,9,UCLA,Sr,United States,2003,
89,32,Luke Walton,LAL,,F,6-8,235,23,10,Arizona,Sr,United States,2003,
90,33,Jerome Beasley,MIA,,PF,6-10,237,23,2,North Dakota,Sr,United States,2003,
91,34,Sofoklis Schortsanitis,LAC,"LAC to ATL
ATL to OKC",FC,6-8,375,18,0,Maccabi FOX Tel Aviv (Israel),1985 DOB *,Cameroon / Greece,2003,
92,35,Szymon Szewczyk,MIL,MIL to OKC,F,6-9,245,20,0,Basketball Lowen Braunschweig (Germany),1982 DOB *,Poland,2003,
93,36,Mario Austin,CHI,CHI to UTH,F,6-10,260,21,0,Mississippi State,Jr *,United States,2003,
94,37,Travis Hansen,ATL,,G-F,6-6,205,25,1,Brigham Young,Sr,United States,2003,
95,38,Steve Blake,WAS,,G,6-3,172,23,13,Maryland,Sr,United States,2003,
96,39,Slavko Vranes,NYK,,C,7-6,282,20,1,Buducnost (Montenegro),1983 DOB *,Serbia / Montenegro,2003,
97,40,Derrick Zimmerman,GOS,,G,6-3,195,21,3,Mississippi State,Sr,United States,2003,
98,41,Willie Green,SEA,SEA to PHL,SG,6-3,201,21,12,Detroit-Mercy,Sr,United States,2003,
99,42,Zaza Pachulia,ORL,,C,6-11,270,19,16,Alpella B.K. (Turkey),1984 DOB *,Georgia,2003,
100,43,Keith Bogans,MIL,MIL to ORL,GF,6-5,215,23,11,Kentucky,Sr,United States,2003,
101,44,Malick Badiane,HOU,HOU to MEM,FC,6-11,230,19,0,TV 1862 Langen (Germany),1984 DOB *,Senegal,2003,
102,45,Matt Bonner,CHI,CHI to TOR,FC,6-10,235,23,12,Florida,Sr,United States,2003,
103,46,Sani Becirovic,DEN,,SG,6-4,196,22,0,Virtus Bologna (Italy),1981 DOB,Slovenia,2003,
104,47,Mo Williams,UTH,,G,6-1,198,20,14,Alabama,So *,United States,2003,
105,48,James Lang,NOP,,C,6-10,285,19,4,Central Park Christian High School (Alabama),1983 DOB *,United States,2003,
106,49,James Jones,IND,,SF,6-8,218,22,14,Miami (FL),Sr,United States,2003,
107,50,Paccelis Morlende,PHL,PHL to SEA,G,6-3,185,22,0,JDA Dijon Basket (France),1981 DOB,France,2003,
108,51,Kyle Korver,NJN,NJN to PHL,SF,6-7,212,22,17,Creighton,Sr,United States,2003,
109,52,Remon Van de Hare,TOR,TOR to ORL,C,7-2,220,21,0,Barca (Spain),1982 DOB *,Netherlands,2003,
110,53,Tommy Smith,CHI,,F,6-10,215,22,1,Arizona State,Sr,United States,2003,
111,54,Nedzad Sinanovic,POR,,C,7-2,250,20,0,HKK Brotnjo (Bosnia and Herzegovina),1983 DOB *,Bosnia and Herzegovina,2003,
112,55,Rick Rickert,MIN,,PF,6-11,215,20,1,Minnesota,So *,United States,2003,
113,56,Brandon Hunter,BOS,,C,6-7,260,22,2,Ohio,Sr,United States,2003,
114,57,Yuyang Xue,DAL,DAL to DEN,FC,7-0,265,20,0,Hong Kong Flying Dragons (China),1982 DOB *,China,2003,
115,58,Andreas Glyniadakis,DET,,C,7-0,245,21,1,Olympiacos (Greece),1981 DOB,Greece,2003,
116,30,Anderson Varejao,ORL,ORL to CLE,C,6-10,273,21,14,Barca (Spain),1982 DOB,Brazil,2004,
117,31,Jackson Vroman,CHI,CHI to PHX,FC,6-10,220,23,2,Iowa State,Sr,United States / Lebanon,2004,
118,32,Peter John Ramos,WAS,,C,7-3,276,19,2,Criollos de Caguas (United States),1985 DOB *,Puerto Rico / United States,2004,
119,33,Lionel Chalmers,LAC,,G,6-0,180,23,1,Xavier,Sr,United States,2004,
120,34,Donta Smith,ATL,,GF,6-7,215,20,2,Southeastern Illinois,So *,United States / Venezuela,2004,
121,35,Andre Emmett,SEA,SEA to MEM,GF,6-5,224,21,2,Texas Tech,Sr,United States,2004,
122,36,Antonio Burks,ORL,ORL to MEM,G,6-1,200,24,2,Memphis,Sr,United States,2004,
123,37,Royal Ivey,ATL,,G,6-4,215,22,10,Texas,Sr,United States,2004,
124,38,Chris Duhon,CHI,,G,6-1,190,21,9,Duke,Sr,United States,2004,
125,39,Albert Miralles,TOR,"TOR to MIA
MIA to BOS
BOS to MIL
MIL to CLE
CLE to CHI",FC,6-10,238,22,0,Roseto Sharks (Italy),1982 DOB,Spain,2004,
126,40,Justin Reed,BOS,,F,6-8,240,22,3,Ole Miss,Sr,United States,2004,
127,41,David Young,SEA,,G,6-5,205,22,1,North Carolina Central,Sr,United States,2004,
128,42,Viktor Sanikidze,ATL,ATL to SAN,F,6-7,194,18,0,JDA Dijon Basket (France),1986 DOB *,Georgia,2004,
129,43,Trevor Ariza,NYK,,SF,6-8,215,18,17,UCLA,Fr *,United States,2004,
130,44,Tim Pickett,NOP,,G,6-4,207,23,1,Florida State,Sr,United States,2004,
131,45,Bernard Robinson,CHA,,GF,6-6,210,23,3,Michigan,Sr,United States,2004,
132,46,Ha Seung-Jin,POR,,C,7-3,305,18,2,Yonsei University (South Korea),1985 DOB *,South Korea,2004,
133,47,Pape Sow,MIA,MIA to TOR,FC,6-10,224,22,3,Cal State Fullerton,Sr,Senegal,2004,
134,48,Ricky Minard,SAC,,G,6-4,200,21,1,Morehead State,Sr,United States,2004,
135,49,Sergei Lishouk,MEM,"MEM to HOU
HOU to LAL
LAL to HOU
HOU to PHL
PHL to LAC
LAC to HOU",FC,6-11,250,22,0,Khimik Yuzhny (Ukraine),1982 DOB,Ukraine,2004,
136,50,Vassilis Spanoulis,DAL,DAL to HOU,SG,6-4,210,21,1,Maroussi BC (Greece),1982 DOB,Greece,2004,
137,51,Christian Drejer,NJN,,F,6-9,225,21,0,Barca (Spain),1982 DOB,Denmark,2004,
138,52,Romain Sato,SAN,,GF,6-5,205,23,1,Xavier,Sr,Central African Republic,2004,
139,53,Matt Freije,MIA,,FC,6-10,240,22,2,Vanderbilt,Sr,United States / Lebanon,2004,
140,54,Ricky Paulding,DET,,SF,6-5,218,21,0,Missouri,Sr,United States,2004,
141,55,Luis Flores,HOU,"HOU to DAL
DAL to GOS",G,6-2,205,23,1,Manhattan,Sr,Dominican Republic,2004,
142,56,Marcus Douthit,LAL,,FC,6-11,234,24,0,Providence,Sr,United States / Philippines,2004,
143,57,Sergei Karaulov,SAN,,C,6-10,254,22,0,Sakha-Yakutia Yakutsk (Russia),1982 DOB,Uzbekistan,2004,
144,58,Blake Stepp,MIN,,G,6-4,192,22,1,Gonzaga,Sr,United States,2004,
145,59,Rashad Wright,IND,,SG,6-2,190,22,1,Georgia,Sr,United States,2004,
146,31,Salim Stoudamire,ATL,,G,6-1,186,22,4,Arizona,Sr,United States,2005,
147,32,Daniel Ewing,LAC,,G,6-3,185,22,2,Duke,Sr,United States,2005,
148,33,Brandon Bass,NOP,,PF,6-8,250,20,12,LSU,So *,United States,2005,
149,34,C.J. Miles,UTH,,GF,6-6,220,18,15,Skyline High School (Texas),1987 DOB *,United States,2005,
150,35,Ricky Sanchez,POR,"POR to DEN
DEN to PHL
PHL to MEM
MEM to MIA",F,7-0,220,17,0,IMG Academy (Florida),1987 DOB,Puerto Rico / United States,2005,
151,36,Ersan Ilyasova,MIL,,F,6-10,235,18,14,Alpella B.K. (Turkey),1987 DOB *,Turkey,2005,
152,37,Ronny Turiaf,LAL,,FC,6-10,241,22,10,Gonzaga,Sr,France,2005,
153,38,Travis Diener,ORL,,PG,6-1,174,23,5,Marquette,Sr,United States / Italy,2005,
154,39,Von Wafer,LAL,,GF,6-5,210,19,7,Florida State,So *,United States,2005,
155,40,Monta Ellis,GOS,,G,6-3,185,19,12,Lanier High School (Mississippi),1985 DOB *,United States,2005,
156,41,Roko Ukic,TOR,,G,6-5,183,20,2,Fenerbahce Ulker (Turkey),1984 DOB *,Croatia,2005,
157,42,Chris Taft,GOS,,F,6-10,265,20,1,Pittsburgh,So *,United States,2005,
158,43,Mile Ilic,NJN,,C,7-1,255,21,1,KK FMP (Serbia),1984 DOB *,Serbia,2005,
159,44,Martynas Andriuskevicius,ORL,ORL to CLE,C,7-2,240,19,2,Zalgiris (Lithuania),1986 DOB *,Lithuania,2005,
160,45,Lou Williams,PHL,,G,6-1,175,18,16,South Gwinnett High School (Georgia),1986 DOB *,United States,2005,
161,46,Erazem Lorbek,IND,IND to SAN,FC,6-11,242,21,0,Fortituto Kontatto Bologna (Italy),1984 DOB *,Slovenia,2005,
162,47,Bracey Wright,MIN,,G,6-3,210,20,2,Indiana,Jr *,United States,2005,
163,48,Mickael Gelabale,SEA,,F,6-7,215,22,3,Real Madrid (Spain),1983 DOB,France,2005,
164,49,Andray Blatche,WAS,,PF,6-11,260,18,9,South Kent School (Connecticut),1986 DOB *,United States / Philippines,2005,
165,50,Ryan Gomes,BOS,,F,6-7,245,22,8,Providence,Sr,United States,2005,
166,51,Robert Whaley,UTH,,C,6-10,260,23,1,Walsh,Sr,United States,2005,
167,52,Axel Hervelle,DEN,"DEN to HOU
HOU to NYK",PF,6-8,240,22,0,Real Madrid (Spain),1983 DOB,Belgium,2005,
168,53,Orien Greene,BOS,,G,6-5,218,23,4,Louisiana,Sr,United States,2005,
169,54,Dijon Thompson,NYK,NYK to PHX,SF,6-7,195,22,2,UCLA,Sr,United States,2005,
170,55,Lawrence Roberts,SEA,SEA to MEM,PF,6-8,240,22,2,Mississippi State,Sr,United States,2005,
171,56,Amir Johnson,DET,,PF,6-9,240,18,14,Westchester High School (California),1987 DOB *,United States,2005,
172,57,Marcin Gortat,PHX,PHX to ORL,FC,6-11,240,21,12,Koln 99ers (Germany),1984 DOB *,Poland,2005,
173,58,Uros Slokar,TOR,,PF,6-11,238,22,1,Pallalcesto Amatori Udine (Italy),1983 DOB,Slovenia,2005,
174,59,Cenk Akyol,ATL,"ATL to LAC
LAC to PHL
PHL to DEN
DEN to ATL
ATL to PHX",G,6-4,200,18,0,Anadolu Efes (Turkey),1987 DOB *,Turkey,2005,
175,60,Alex Acker,DET,,SG,6-5,185,22,2,Pepperdine,Jr *,United States,2005,
176,31,James White,POR,POR to IND,SF,6-7,215,23,3,Cincinnati,Sr,United States,2006,
177,32,Steve Novak,HOU,,F,6-10,225,23,11,Marquette,Sr,United States,2006,
178,33,Solomon Jones,ATL,,C,6-10,230,21,8,South Florida,Sr,United States,2006,
179,34,Paul Davis,LAC,,FC,6-11,270,21,4,Michigan State,Sr,United States,2006,
180,35,P.J. Tucker,TOR,,SF,6-6,245,21,10,Texas,Jr *,United States,2006,
181,36,Craig Smith,MIN,,PF,6-7,250,22,6,Boston College,Sr,United States,2006,
182,37,Bobby Jones,MIN,MIN to PHL,F,6-7,215,22,2,Washington,Sr,United States,2006,
183,38,Kosta Perovic,GOS,,C,7-2,240,21,1,KK Partizan (Serbia),1985 DOB *,Serbia,2006,
184,39,David Noel,MIL,,SF,6-6,230,22,2,North Carolina,Sr,United States,2006,
185,40,Denham Brown,SEA,,GF,6-5,218,23,0,Connecticut,Sr,Canada,2006,
186,41,James Augustine,ORL,,FC,6-10,235,22,2,Illinois,Sr,United States,2006,
187,42,Daniel Gibson,CLE,,G,6-2,200,20,7,Texas,So *,United States,2006,
188,43,Marquinhos Vinicius,NOP,,F,6-9,225,22,2,Objetivo Sao Carlos (Brazil),1984 DOB,Brazil,2006,
189,44,Lior Eliyahu,ORL,"ORL to HOU
HOU to MIN
MIN to GOS",PF,6-7,225,20,0,Hapoel Galil Gilboa (Israel),1985 DOB *,Israel,2006,
190,45,Alexander Johnson,IND,"IND to POR
POR to MEM",F,6-9,240,23,3,Florida State,Jr *,United States,2006,
191,46,Dee Brown,UTH,,G,6-0,185,21,2,Illinois,Sr,United States,2006,
192,47,Paul Millsap,UTH,,FC,6-7,257,21,15,Louisiana Tech,Jr *,United States,2006,
193,48,Vladimir Veremeenko,WAS,"WAS to CHI
CHI to CLE
CLE to LAC",PF,6-8,229,21,0,Dynamo Saint Petersburg (Russia),1984 DOB,Belarus,2006,
194,49,Leon Powe,DEN,DEN to BOS,F,6-8,240,22,5,California,So *,United States,2006,
195,50,Ryan Hollins,CHA,,C,7-0,230,21,10,UCLA,Sr,United States,2006,
196,51,Cheickh Samb,LAL,LAL to DET,C,7-1,245,21,2,CB Cornella (Spain),1984 DOB,Senegal,2006,
197,52,Guillermo Diaz,LAC,,G,6-2,192,21,1,Miami (FL),Jr *,Puerto Rico / United States,2006,
198,53,Yotam Halperin,SEA,,SG,6-4,210,22,0,Union Olimpija (Slovenia),1984 DOB,Israel,2006,
199,54,Hassan Adams,NJN,,G,6-4,220,22,2,Arizona,Sr,United States,2006,
200,55,Ejike Ugboaja,CLE,,F,6-9,225,21,0,Union Bank Lagos (Nigeria),1985 DOB *,Nigeria,2006,
201,56,Edin Bavcic,TOR,"TOR to PHL
PHL to NOP
NOP to BRK
BRK to CLE",C,6-8,242,22,0,KK Bosna (Bosnia and Herzegovina),1984 DOB,Bosnia and Herzegovina,2006,
202,57,Loukas Mavrokefalidis,MIN,,C,6-10,260,21,0,PAOK BC (Greece),1984 DOB,Greece,2006,
203,58,J.R. Pinnock,DAL,DAL to LAL,SG,6-5,207,22,0,George Washington,Jr *,United States / Panama,2006,
204,59,Damir Markota,SAN,SAN to MIL,PF,6-10,260,20,1,KK Cibona (Croatia),1985 DOB *,Croatia / Sweden,2006,
205,60,Will Blalock,DET,,G,6-1,200,22,1,Iowa State,Jr *,United States,2006,
206,31,Carl Landry,SEA,SEA to HOU,F,6-9,248,23,9,Purdue,Sr,United States,2007,
207,32,Gabe Pruitt,BOS,,G,6-4,185,21,2,USC,Jr *,United States,2007,
208,33,Marcus E. Williams,SAN,,F,6-7,207,20,2,Arizona,So *,United States,2007,
209,34,Nick Fazekas,DAL,,F,6-11,240,22,1,Nevada,Sr,United States / Japan,2007,
210,35,Glen Davis,SEA,SEA to BOS,PF,6-9,289,21,8,LSU,Jr *,United States,2007,
211,36,Jermareo Davidson,GOS,GOS to CHA,PF,6-10,230,22,2,Alabama,Sr,United States,2007,
212,37,Josh McRoberts,POR,,PF,6-10,240,20,11,Duke,So *,United States,2007,
213,38,Kyrylo Fesenko,PHL,PHL to UTH,C,7-1,280,20,5,BK Cherkassy (Ukraine),1986 DOB *,Ukraine,2007,
214,39,Stanko Barac,MIA,"MIA to IND
IND to DAL",C,7-1,245,20,0,BC Siroki (Bosnia and Herzegovina),1986 DOB *,Croatia,2007,
215,40,Yue Sun,LAL,,G,6-8,205,21,1,Beijing Olympians (United States),1985 DOB,China,2007,
216,41,Chris Richard,MIN,,F,6-9,255,22,2,Florida,Sr,United States,2007,
217,42,Derrick Byars,POR,POR to PHL,SF,6-7,220,23,2,Vanderbilt,Sr,United States,2007,
218,43,Adam Haluska,NOP,,G,6-5,210,23,1,Iowa,Sr,United States,2007,
219,44,Reyshawn Terry,ORL,ORL to DAL,PF,6-8,235,23,0,North Carolina,Sr,United States,2007,
220,45,Jared Jordan,LAC,LAC to NYK,G,6-2,187,22,0,Marist,Sr,United States,2007,
221,46,Stephane Lasme,GOS,,F,6-8,215,24,1,Massachusetts,Sr,Gabon,2007,
222,47,Dominic McGuire,WAS,,F,6-9,235,21,6,Fresno State,Jr *,United States,2007,
223,48,Marc Gasol,LAL,LAL to MEM,C,7-1,255,22,13,CB Girona (Spain),1985 DOB,Spain,2007,
224,49,Aaron Gray,CHI,,C,7-0,270,22,7,Pittsburgh,Sr,United States,2007,
225,50,Renaldas Seibutis,DAL,"DAL to LAC
LAC to CLE",SG,6-5,176,21,0,Maroussi BC (Greece),1985 DOB,Lithuania,2007,
226,51,JamesOn Curry,CHI,,G,6-4,200,21,2,Oklahoma State,Jr *,United States,2007,
227,52,Taurean Green,POR,,PG,6-0,177,20,1,Florida,Jr *,United States,2007,
228,53,Demetris Nichols,POR,POR to NYK,SF,6-8,216,22,2,Syracuse,Sr,United States,2007,
229,54,Brad Newley,HOU,HOU to LAL,F,6-6,205,22,0,Lietuvos Rytas (Lithuania),1985 DOB,Australia,2007,
230,55,Herbert Hill,UTH,UTH to PHL,FC,6-10,240,22,1,Providence,Sr,United States,2007,
231,56,Ramon Sessions,MIL,,G,6-3,190,21,11,Nevada,Jr *,United States,2007,
232,57,Sammy Mejia,DET,,SF,6-6,190,24,0,DePaul,Sr,United States,2007,
233,58,Georgios Printezis,SAN,"SAN to TOR
TOR to DAL
DAL to NYK
NYK to POR
POR to OKC
OKC to ATL
ATL to SAN",F,6-9,235,22,0,Ifestos Limnou (Greece),1985 DOB,Greece,2007,
234,59,D.J. Strawberry,PHX,,G,6-6,205,22,1,Maryland,Sr,United States / Cameroon,2007,
235,60,Milovan Rakovic,DAL,"DAL to ORL
ORL to CHI
CHI to POR",PF,6-10,286,22,0,KK Mega Bemax (Serbia),1985 DOB,Serbia,2007,
236,31,Nikola Pekovic,MIN,,PF,6-11,307,22,7,Panathinaikos (Greece),1986 DOB,Montenegro,2008,
237,32,Walter Sharpe,SEA,SEA to DET,F,6-9,245,21,1,UAB,Jr *,United States,2008,
238,33,Joey Dorsey,POR,POR to HOU,FC,6-9,275,24,4,Memphis,Sr,United States,2008,
239,34,Mario Chalmers,MIN,MIN to MIA,G,6-2,190,22,9,Kansas,Jr *,United States,2008,
240,35,DeAndre Jordan,LAC,,C,6-11,265,19,13,Texas A&M,Fr *,United States,2008,
241,36,Omer Asik,POR,POR to CHI,C,7-0,255,21,9,Fenerbahce Ulker (Turkey),1986 DOB,Turkey,2008,
242,37,Luc Mbah a Moute,MIL,,F,6-8,230,21,11,UCLA,Jr *,Cameroon,2008,
243,38,Kyle Weaver,CHA,CHA to OKC,SG,6-6,200,22,3,Washington State,Sr,United States,2008,
244,39,Sonny Weems,CHI,CHI to DEN,SF,6-6,205,21,4,Arkansas,Sr,United States,2008,
245,40,Chris Douglas-Roberts,NJN,,SF,6-7,210,21,6,Memphis,Jr *,United States,2008,
246,41,Nathan Jawai,IND,IND to TOR,C,6-10,280,21,2,Cairns (Australia),1986 DOB,Australia,2008,
247,42,Sean Singletary,SAC,,PG,6-0,185,22,1,Virginia,Sr,United States,2008,
248,43,Pat Ewing,SAC,,F,6-8,237,24,1,Georgetown,Sr,United States / Jamaica,2008,
249,44,Ante Tomic,UTH,UTH to NYK,C,7-1,225,21,0,KK Zagreb (Croatia),1987 DOB *,Croatia,2008,
250,45,Goran Dragic,SAN,SAN to PHX,G,6-3,190,22,13,Union Olimpija (Slovenia),1986 DOB,Slovenia,2008,
251,46,Trent Plaisted,SEA,SEA to DET,C,6-11,245,21,0,Brigham Young,Jr *,United States,2008,
252,47,Henry Walker,WAS,WAS to BOS,GF,6-6,235,20,5,Kansas State,Fr *,United States,2008,
253,48,Malik Hairston,PHX,PHX to SAN,SF,6-6,220,21,2,Oregon,Sr,United States,2008,
254,49,Richard Hendrix,GOS,,FC,6-9,264,21,1,Alabama,Jr *,United States / North Macedonia,2008,
255,50,DeVon Hardin,SEA,,C,6-11,235,21,0,California,Sr,United States,2008,
256,51,Shan Foster,DAL,DAL to UTH,GF,6-6,195,21,0,Vanderbilt,Sr,United States,2008,
257,52,Darnell Jackson,MIA,MIA to CLE,F,6-8,241,22,3,Kansas,Sr,United States,2008,
258,53,Tadija Dragicevic,UTH,"UTH to DAL
DAL to CHI
CHI to HOU
HOU to NYK",PF,6-9,235,22,0,KK Crvena Zvezda (Serbia),1986 DOB,Serbia,2008,
259,54,Maarty Leunen,HOU,"HOU to LAC
LAC to DAL
DAL to HOU
HOU to IND",F,6-9,220,22,0,Oregon,Sr,United States,2008,
260,55,Mike Taylor,POR,POR to LAC,PG,6-2,165,22,1,Idaho Stampede,1986 DOB,United States,2008,
261,56,Sasha Kaun,SEA,SEA to CLE,C,6-11,250,23,1,Kansas,Sr,Russia,2008,
262,57,James Gist,SAN,,PF,6-9,235,21,0,Maryland,Sr,United States,2008,
263,58,Joe Crawford,LAL,,G,6-5,207,22,1,Kentucky,Sr,United States,2008,
264,59,Deron Washington,DET,,GF,6-7,210,22,0,Virginia Tech,Sr,United States,2008,
265,60,Semih Erden,BOS,,C,7-0,240,21,2,Fenerbahce Ulker (Turkey),1986 DOB,Turkey,2008,
266,31,Jeff Ayres,SAC,SAC to POR,FC,6-10,240,22,6,Arizona State,Sr,United States,2009,
267,32,Jermaine Taylor,WAS,WAS to HOU,G,6-5,205,22,2,UCF,Sr,United States,2009,
268,33,Dante Cunningham,POR,,F,6-8,230,22,10,Villanova,Sr,United States,2009,
269,34,Sergio Llull,DEN,"DEN to HOU
HOU to NYK",PG,6-3,190,21,0,Real Madrid (Spain),1987 DOB,Spain,2009,
270,35,DaJuan Summers,DET,,PF,6-8,230,21,4,Georgetown,Jr *,United States,2009,
271,36,Sam Young,MEM,,F,6-6,225,24,4,Pittsburgh,Sr,United States / Lebanon,2009,
272,37,DeJuan Blair,SAN,,F,6-8,270,20,7,Pittsburgh,So *,United States,2009,
273,38,Jon Brockman,POR,POR to SAC,PF,6-7,255,22,3,Washington,Sr,United States,2009,
274,39,Jonas Jerebko,DET,,F,6-10,231,22,10,Edilnol Pallacanestro Biella (Italy),1987 DOB,Sweden,2009,
275,40,Derrick Brown,CHA,,F,6-7,225,21,3,Xavier,Jr *,United States,2009,
276,41,Jodie Meeks,MIL,,G,6-4,210,21,10,Kentucky,Jr *,United States,2009,
277,42,Patrick Beverley,LAL,LAL to MIA,PG,6-1,185,20,9,Dnipro Dnipropetrovsk (Ukraine),1988 DOB,United States,2009,
278,43,Marcus Thornton,MIA,MIA to NOP,SG,6-4,205,22,8,LSU,Sr,United States,2009,
279,44,Chase Budinger,DET,DET to HOU,GF,6-7,215,21,7,Arizona,Jr *,United States,2009,
280,45,Nick Calathes,MIN,"MIN to DAL
DAL to MEM",PG,6-6,213,20,2,Florida,So *,United States / Greece,2009,
281,46,Danny Green,CLE,,SF,6-6,215,22,12,North Carolina,Sr,United States,2009,
282,47,Henk Norel,MIN,,C,7-0,230,21,0,Joventut Badalona (Spain),1987 DOB,Netherlands,2009,
283,48,Taylor Griffin,PHX,,F,6-8,235,23,1,Oklahoma,Sr,United States,2009,
284,49,Sergii Gladyr,ATL,ATL to CLE,G,6-5,190,20,0,MBC Mykolaiv (Ukraine),1988 DOB *,Ukraine,2009,
285,50,Goran Suton,UTH,,C,6-8,245,23,0,Michigan State,Sr,Bosnia and Herzegovina / United States,2009,
286,51,Jack McClinton,SAN,,G,6-1,185,24,0,Miami (FL),Sr,United States,2009,
287,52,A.J. Price,IND,,G,6-2,195,22,6,Connecticut,Sr,United States,2009,
288,53,Nando De Colo,SAN,,G,6-5,195,22,2,Cholet Basket (France),1987 DOB,France,2009,
289,54,Robert Vaden,CHA,CHA to OKC,SG,6-5,220,24,1,UAB,Sr,United States,2009,
290,55,Patty Mills,POR,,G,6-0,180,20,12,Saint Mary's,So *,Australia,2009,
291,56,Ahmad Nivins,DAL,DAL to NYK,F,6-9,207,22,0,Saint Joseph's,Sr,United States,2009,
292,57,Emir Preldzic,PHX,"PHX to CLE
CLE to WAS
WAS to DAL
DAL to IND
IND to TOR
TOR to PHL
PHL to NYK",SF,6-9,220,21,0,Fenerbahce Ulker (Turkey),1987 DOB,Turkey / Slovenia,2009,
293,58,Lester Hudson,BOS,,G,6-3,190,24,4,Tennessee-Martin,Sr,United States,2009,
294,59,Chinemelu Elonu,LAL,,C,6-10,235,22,0,Texas A&M,Jr *,Nigeria / United States,2009,
295,60,Robert Dozier,MIA,,PF,6-9,215,23,0,Memphis,Sr,United States,2009,
296,31,Tibor Pleiss,NJN,"NJN to ATL
ATL to OKC
OKC to UTH",C,7-3,256,20,1,Brose Baskets Bamberg (Germany),1989 DOB *,Germany,2010,
297,32,Dexter Pittman,MIA,,C,6-11,285,22,4,Texas,Sr,United States,2010,
298,33,Hassan Whiteside,SAC,,C,7-1,265,21,9,Marshall,Fr *,United States,2010,
299,34,Armon Johnson,POR,,G,6-2,195,21,2,Nevada,Jr *,United States,2010,
300,35,Nemanja Bjelica,WAS,WAS to MIN,PF,6-10,235,22,6,KK Crvena Zvezda (Serbia),1988 DOB,Serbia,2010,
301,36,Terrico White,DET,,G,6-5,215,20,1,Ole Miss,So *,United States,2010,
302,37,Darington Hobson,MIL,,GF,6-7,210,22,2,New Mexico,Jr *,United States,2010,
303,38,Andy Rautins,NYK,,G,6-4,190,23,1,Syracuse,Sr,United States / Canada,2010,
304,39,Landry Fields,NYK,,F,6-7,210,21,5,Stanford,Sr,United States,2010,
305,40,Lance Stephenson,IND,,SG,6-6,230,19,9,Cincinnati,Fr *,United States,2010,
306,41,Jarvis Varnado,MIA,,FC,6-9,230,22,2,Mississippi State,Sr,United States,2010,
307,42,Da'Sean Butler,MIA,,F,6-7,230,22,1,West Virginia,Sr,United States,2010,
308,43,Devin Ebanks,LAL,,F,6-9,215,20,3,West Virginia,So *,United States / Greece,2010,
309,44,Jerome Jordan,MIL,MIL to NYK,C,7-0,253,23,2,Tulsa,Sr,Jamaica,2010,
310,45,Paulao Prestes,MIN,,C,6-11,260,22,0,UCAM Murcia CB (Spain),1988 DOB,Brazil,2010,
311,46,Gani Lawal,PHX,,F,6-9,234,21,1,Georgia Tech,Jr *,United States / Nigeria,2010,
312,47,Tiny Gallon,MIL,,C,6-9,290,19,0,Oklahoma,Fr *,United States,2010,
313,48,Latavious Williams,MIA,"MIA to OKC
OKC to NOP",F,6-8,225,21,0,Tulsa 66ers,1989 DOB,United States,2010,
314,49,Ryan Richards,SAN,,FC,6-11,265,19,0,Gran Canaria (Spain),1991 DOB *,England,2010,
315,50,Solomon Alabi,DAL,DAL to TOR,C,7-1,250,22,2,Florida State,So *,Nigeria,2010,
316,51,Magnum Rolle,OKC,OKC to IND,F,6-11,235,24,1,Louisiana Tech,Sr,Bahamas,2010,
317,52,Luke Harangody,BOS,,F,6-8,245,22,3,Notre Dame,Sr,United States,2010,
318,53,Pape Sy,ATL,,SF,6-7,224,22,1,STB Le Havre (France),1988 DOB,France,2010,
319,54,Willie Warren,LAC,,GF,6-4,200,20,1,Oklahoma,So *,United States,2010,
320,55,Jeremy Evans,UTH,,F,6-9,200,22,7,Western Kentucky,Sr,United States,2010,
321,56,Hamady Ndiaye,MIN,MIN to WAS,C,7-0,235,23,3,Rutgers,Sr,Senegal,2010,
322,57,Ryan Reid,IND,IND to OKC,PF,6-8,235,23,1,Florida State,Sr,United States,2010,
323,58,Derrick Caracter,LAL,,F,6-9,276,22,2,UTEP,Jr *,United States,2010,
324,59,Stanley Robinson,ORL,,F,6-9,220,21,0,Connecticut,Sr,United States,2010,
325,60,Dwayne Collins,PHX,,F,6-8,241,22,0,Miami (FL),Sr,United States,2010,
326,31,Bojan Bogdanovic,MIA,"MIA to MIN
MIN to NJN",F,6-8,216,22,7,KK Cibona (Croatia),1989 DOB,,2011,
327,32,Justin Harper,CLE,CLE to ORL,PF,6-10,225,21,3,Richmond,Sr,,2011,
328,33,Kyle Singler,DET,,F,6-8,228,23,6,Duke,Sr,,2011,
329,34,Shelvin Mack,WAS,,G,6-3,203,21,8,Butler,Jr *,,2011,
330,35,Tyler Honeycutt,SAC,,F,6-8,190,20,2,UCLA,So *,,2011,
331,36,Jordan Williams,NJN,,PF,6-10,260,20,1,Maryland,So *,,2011,
332,37,Trey Thompkins,LAC,,PF,6-10,245,21,2,Georgia,Jr *,,2011,
333,38,Chandler Parsons,HOU,"HOU to MIN
MIN to HOU",SF,6-10,230,22,9,Florida,Sr,,2011,
334,39,Jeremy Tyler,CHA,CHA to GOS,PF,6-11,250,20,3,Tokyo Apache (Japan),1991 DOB,,2011,
335,40,Jon Leuer,MIL,,PF,6-10,228,22,8,Wisconsin,Sr,,2011,
336,41,Darius Morris,LAL,,G,6-4,195,20,4,Michigan,So *,,2011,
337,42,Davis Bertans,IND,IND to SAN,SF,6-10,225,18,5,Union Olimpija (Slovenia),1992 DOB *,,2011,
338,43,Malcolm Lee,CHI,CHI to MIN,G,6-5,200,21,3,UCLA,Jr *,,2011,
339,44,Charles Jenkins,GOS,,G,6-3,215,22,2,Hofstra,Sr,,2011,
340,45,Josh Harrellson,NOP,NOP to NYK,F,6-10,275,22,3,Kentucky,Sr,,2011,
341,46,Andrew Goudelock,LAL,,G,6-3,200,22,3,Charleston,Sr,,2011,
342,47,Travis Leslie,LAC,,G,6-4,205,21,2,Georgia,Jr *,,2011,
343,48,Keith Benson,ATL,,C,6-11,240,22,1,Oakland,Sr,,2011,
344,49,Josh Selby,MEM,,G,6-2,195,20,2,Kansas,Fr *,,2011,
345,50,Lavoy Allen,PHL,,PF,6-9,260,22,6,Temple,Sr,,2011,
346,51,Jon Diebler,POR,"POR to HOU
HOU to CHI",SF,6-6,205,23,0,Ohio State,Sr,,2011,
347,52,Vernon Macklin,DET,,F,6-10,227,24,1,Florida,Sr,,2011,
348,53,DeAndre Liggins,ORL,,G,6-6,210,23,5,Kentucky,Jr *,,2011,
349,54,Milan Macvan,CLE,,PF,6-9,265,21,0,KK Vrsac Swisslion (Serbia),1989 DOB,,2011,
350,55,E'Twaun Moore,BOS,,SG,6-4,191,22,10,Purdue,Sr,,2011,
351,56,Chu Maduabum,LAL,"LAL to DEN
DEN to PHL
PHL to CLE",PF,6-9,210,20,0,Bakersfield Jam,1991 DOB,,2011,
352,57,Tanguy Ngombo,DAL,"DAL to POR
POR to MIN",GF,6-6,230,21,0,Al-Rayyan Sports Club (Qatar),1989 DOB,,2011,
353,58,Ater Majok,LAL,"LAL to CHI
CHI to NOP",FC,6-11,233,23,0,Gold Coast (Australia),1987 DOB,,2011,
354,59,Adam Hanga,SAN,,SF,6-7,200,22,0,Alba Fehervar (Hungary),1989 DOB,,2011,
355,60,Isaiah Thomas,SAC,,PG,5-9,185,22,10,Washington,Jr *,,2011,
356,31,Jeffery Taylor,CHA,,SF,6-7,225,23,3,Vanderbilt,Sr,,2012,
357,32,Tomas Satoransky,WAS,,PG,6-7,210,20,5,Coosur Real Betis (Spain),1991 DOB *,,2012,
358,33,Bernard James,CLE,CLE to DAL,PF,6-10,230,27,3,Florida State,Sr,,2012,
359,34,Jae Crowder,CLE,CLE to DAL,SF,6-6,235,21,9,Marquette,Sr,,2012,
360,35,Draymond Green,GOS,,F,6-6,230,22,9,Michigan State,Sr,,2012,
361,36,Orlando Johnson,SAC,SAC to IND,GF,6-5,220,23,3,UC Santa Barbara,Sr,,2012,
362,37,Quincy Acy,TOR,,F,6-7,240,21,7,Baylor,Sr,,2012,
363,38,Quincy Miller,DEN,,PF,6-11,210,19,3,Baylor,Fr *,,2012,
364,39,Khris Middleton,DET,,SF,6-8,222,20,9,Texas A&M,Jr *,,2012,
365,40,Will Barton,POR,,GF,6-5,181,21,9,Memphis,So *,,2012,
366,41,Tyshawn Taylor,POR,POR to BRK,G,6-3,185,22,2,Kansas,Sr,,2012,
367,42,Doron Lamb,MIL,,SG,6-4,210,20,2,Kentucky,So *,,2012,
368,43,Mike Scott,ATL,,PF,6-8,237,23,9,Virginia,Sr,,2012,
369,44,Kim English,DET,,SG,6-6,200,23,1,Missouri,Sr,,2012,
370,45,Justin Hamilton,PHL,PHL to MIA,C,7-0,255,22,3,LSU,Jr *,,2012,
371,46,Darius Miller,NOP,,GF,6-8,225,22,7,Kentucky,Sr,,2012,
372,47,Kevin Murphy,UTH,,GF,6-5,185,22,1,Tennessee Tech,Sr,,2012,
373,48,Kostas Papanikolaou,NYK,"NYK to POR
POR to HOU",PF,6-8,225,21,2,Olympiacos (Greece),1990 DOB,,2012,
374,49,Kyle O'Quinn,ORL,,F,6-10,250,22,8,Norfolk State,Sr,,2012,
375,50,Izzet Turkyilmaz,DEN,,C,7-0,211,22,0,Teksut Bandirma (Turkey),1990 DOB,,2012,
376,51,Kris Joseph,BOS,,SF,6-7,210,23,1,Syracuse,Sr,,2012,
377,52,Ognen Kuzmic,GOS,,C,7-1,251,22,2,Unicaja (Spain),1990 DOB,,2012,
378,53,Furkan Aldemir,LAC,"LAC to HOU
HOU to PHL",PF,6-10,240,20,1,Galatasaray (Turkey),1991 DOB *,,2012,
379,54,Tornike Shengelia,PHL,PHL to BRK,PF,6-9,220,20,2,Proximus Spirou Charleroi (Belgium),1991 DOB *,,2012,
380,55,Darius Johnson-Odom,DAL,DAL to LAL,SG,6-2,220,22,2,Marquette,Sr,,2012,
381,56,Tomislav Zubcic,TOR,TOR to OKC,C,6-10,230,22,0,KK Cibona (Croatia),1990 DOB,,2012,
382,57,Ilkan Karaman,BRK,"BRK to CLE
CLE to MIL",F,6-8,254,22,0,Pinar Karsiyaka (Turkey),1990 DOB,,2012,
383,58,Robbie Hummel,MIN,,F,6-8,220,23,2,Purdue,Sr,,2012,
384,59,Marcus Denmon,SAN,,G,6-3,185,22,0,Missouri,Sr,,2012,
385,60,Robert Sacre,LAL,,C,7-0,270,23,4,Gonzaga,Sr,,2012,
386,31,Allen Crabbe,CLE,CLE to POR,SG,6-6,212,21,7,California,Jr *,United States,2013,
387,32,Alex Abrines,OKC,,GF,6-6,190,19,3,Barca (Spain),1993 DOB *,Spain,2013,
388,33,Carrick Felix,CLE,,SF,6-6,200,22,2,Arizona State,Sr,United States,2013,
389,34,Isaiah Canaan,HOU,,G,6-0,200,22,6,Murray State,Sr,United States,2013,
390,35,Glen Rice,PHL,PHL to WAS,GF,6-6,206,22,2,Rio Grande Valley Vipers,1991 DOB,United States,2013,
391,36,Ray McCallum,SAC,,PG,6-3,191,22,4,Detroit-Mercy,Jr *,United States,2013,
392,37,Tony Mitchell,DET,,F,6-9,240,21,2,North Texas,So *,United States,2013,
393,38,Nate Wolters,WAS,"WAS to PHL
PHL to MIL",PG,6-4,190,22,3,South Dakota State,Sr,United States,2013,
394,39,Jeff Withey,POR,POR to NOP,C,7-0,230,23,5,Kansas,Sr,United States,2013,
395,40,Grant Jerrett,POR,POR to OKC,PF,6-10,232,19,2,Arizona,Fr *,United States,2013,
396,41,Jamaal Franklin,MEM,,G,6-5,190,21,2,San Diego State,Jr *,United States,2013,
397,42,Pierre Jackson,PHL,"PHL to NOP
NOP to PHL",PG,5-10,180,21,1,Baylor,Sr,United States,2013,
398,43,Ricky Ledo,MIL,"MIL to PHL
PHL to DAL",GF,6-7,197,20,2,Providence,Fr *,United States,2013,
399,44,Mike Muscala,DAL,DAL to ATL,FC,6-11,240,21,8,Bucknell,Sr,United States,2013,
400,45,Marko Todorovic,POR,POR to HOU,C,6-10,240,21,0,FC Barcelona II (Spain),1992 DOB *,Montenegro,2013,
401,46,Erick Green,UTH,UTH to DEN,G,6-3,178,22,2,Virginia Tech,Sr,United States,2013,
402,47,Raulzinho Neto,ATL,ATL to UTH,PG,6-1,180,21,6,Acunsa GBC (Spain),1992 DOB *,Brazil,2013,
403,48,Ryan Kelly,LAL,,PF,6-11,230,22,4,Duke,Sr,United States,2013,
404,49,Erik Murphy,CHI,,FC,6-10,240,22,1,Florida,Sr,United States / Finland,2013,
405,50,James Ennis,ATL,ATL to MIA,GF,6-6,215,22,7,Long Beach State,Sr,United States,2013,
406,51,Romero Osby,ORL,,PF,6-8,240,23,0,Oklahoma,Sr,United States,2013,
407,52,Lorenzo Brown,MIN,,SG,6-5,189,22,5,NC State,Jr *,United States,2013,
408,53,Colton Iverson,IND,IND to BOS,FC,7-0,255,23,0,Colorado State,Sr,United States,2013,
409,54,Arsalan Kazemi,WAS,WAS to PHL,F,6-7,226,23,0,Oregon,Sr,Iran,2013,
410,55,Joffrey Lauvergne,MEM,MEM to DEN,PF,6-11,260,21,4,KK Partizan (Serbia),1991 DOB,France,2013,
411,56,Peyton Siva,DET,,PG,6-0,185,22,1,Louisville,Sr,United States,2013,
412,57,Alex Oriakhi,PHX,PHX to SAC,PF,6-9,255,23,0,Missouri,Sr,United States,2013,
413,58,Deshaun Thomas,SAN,,F,6-7,220,21,0,Ohio State,Jr *,United States,2013,
414,59,Bojan Dubljevic,MIN,MIN to POR,FC,6-9,242,21,0,Valencia Basket (Spain),1991 DOB,Montenegro,2013,
415,60,Janis Timma,MEM,MEM to ORL,SF,6-7,226,20,0,BK Ventspils (Latvia),1992 DOB *,Latvia,2013,
416,31,Damien Inglis,MIL,,PF,6-8,246,19,2,Chorale Roanne Basket (France),1995 DOB *,France,2014,
417,32,K.J. McDaniels,PHL,,GF,6-6,205,21,4,Clemson,Jr *,United States,2014,
418,33,Joe Harris,CLE,,SG,6-6,220,22,7,Virginia,Sr,United States,2014,
419,34,Cleanthony Early,NYK,,F,6-8,210,23,2,Wichita State,Sr,United States,2014,
420,35,Jarnell Stokes,UTH,UTH to MEM,FC,6-9,260,20,4,Tennessee,Jr *,United States,2014,
421,36,Johnny O'Bryant,MIL,,FC,6-9,257,21,4,LSU,Jr *,United States,2014,
422,37,DeAndre Daniels,TOR,,SF,6-9,196,22,0,Connecticut,Jr *,United States,2014,
423,38,Spencer Dinwiddie,DET,,PG,6-5,215,21,7,Colorado,Jr *,United States,2014,
424,39,Jerami Grant,PHL,,F,6-8,210,20,7,Syracuse,So *,United States,2014,
425,40,Glenn Robinson,MIN,,SF,6-6,222,20,7,Michigan,So *,United States,2014,
426,41,Nikola Jokic,DEN,,C,7-0,284,19,6,KK Mega Bemax (Serbia),1995 DOB *,Serbia,2014,
427,42,Nick Johnson,HOU,,SG,6-3,200,21,1,Arizona,Jr *,United States,2014,
428,43,Edy Tavares,ATL,,C,7-3,265,22,2,Gran Canaria (Spain),1992 DOB,Cape Verde,2014,
429,44,Markel Brown,MIN,MIN to BRK,SG,6-3,190,22,3,Oklahoma State,Sr,United States,2014,
430,45,Dwight Powell,CHA,CHA to CLE,PF,6-10,240,22,7,Stanford,Sr,Canada,2014,
431,46,Jordan Clarkson,WAS,WAS to LAL,G,6-5,192,22,7,Missouri,Jr *,United States,2014,
432,47,Russ Smith,PHL,PHL to NOP,G,6-0,165,23,2,Louisville,Sr,United States,2014,
433,48,Lamar Patterson,MIL,MIL to ATL,F,6-5,225,22,2,Pittsburgh,Sr,United States,2014,
434,49,Cameron Bairstow,CHI,,F,6-9,250,23,2,New Mexico,Sr,Australia,2014,
435,50,Alec Brown,PHX,,C,7-1,235,21,0,Green Bay,Sr,United States,2014,
436,51,Thanasis Antetokounmpo,NYK,,SF,6-7,215,21,3,Delaware 87ers,1992 DOB,Greece / Nigeria,2014,
437,52,Vasilje Micic,PHL,PHL to OKC,PG,6-5,200,20,0,KK Mega Bemax (Serbia),1994 DOB *,Serbia,2014,
438,53,Alessandro Gentile,MIN,MIN to HOU,SF,6-6,228,21,0,AX Armani Exchange Milan (Italy),1992 DOB,Italy,2014,
439,54,Nemanja Dangubic,PHL,"PHL to SAN
SAN to BRK",SF,6-9,176,21,0,KK Mega Bemax (Serbia),1993 DOB *,Serbia,2014,
440,55,Semaj Christon,MIA,"MIA to CHA
CHA to OKC",PG,6-3,190,21,1,Xavier,So *,United States,2014,
441,56,Devyn Marble,DEN,DEN to ORL,GF,6-6,192,21,2,Iowa,Sr,United States,2014,
442,57,Louis Labeyrie,IND,IND to NYK,PF,6-10,200,22,0,Boulogne-Levallois (France),1992 DOB,France,2014,
443,58,Jordan McRae,SAN,SAN to PHL,G,6-5,179,23,4,Tennessee,Sr,United States,2014,
444,59,Xavier Thames,TOR,TOR to BRK,G,6-3,187,23,0,San Diego State,Sr,United States,2014,
445,60,Cory Jefferson,SAN,"SAN to PHL
PHL to BRK",PF,6-9,215,23,2,Baylor,Sr,United States,2014,
446,31,Cedi Osman,MIN,MIN to CLE,GF,6-7,230,20,4,Anadolu Efes (Turkey),1995 DOB *,North Macedonia / Turkey,2015,
447,32,Montrezl Harrell,HOU,,F,6-8,240,21,6,Louisville,Jr *,United States,2015,
448,33,Jordan Mickey,BOS,,PF,6-8,235,20,3,LSU,So *,United States,2015,
449,34,Anthony Brown,LAL,,GF,6-7,225,22,3,Stanford,Sr,United States,2015,
450,35,Willy Hernangomez,PHL,PHL to NYK,C,6-11,250,21,5,Cajasol Seville U18 (Spain),1994 DOB *,Spain,2015,
451,36,Rakeem Christmas,MIN,"MIN to CLE
CLE to IND",PF,6-9,255,23,2,Syracuse,Sr,United States,2015,
452,37,Richaun Holmes,PHL,,F,6-10,240,21,6,Bowling Green,Sr,United States,2015,
453,38,Darrun Hilliard,DET,,SG,6-6,220,22,3,Villanova,Sr,United States,2015,
454,39,Juan Vaulet,CHA,CHA to BRK,F,6-6,200,19,0,Weber Bahia Estudiantes (Argentina),1996 DOB *,Argentina,2015,
455,40,Josh Richardson,MIA,,G,6-5,200,21,6,Tennessee,Sr,United States,2015,
456,41,Pat Connaughton,BRK,BRK to POR,SF,6-4,209,22,6,Notre Dame,Sr,United States,2015,
457,42,Olivier Hanlan,UTH,UTH to SAN,G,6-4,190,22,0,Boston College,Jr *,Canada,2015,
458,43,Joe Young,IND,,G,6-2,180,22,3,Oregon,Sr,United States,2015,
459,44,Andrew Harrison,PHX,PHX to MEM,G,6-4,210,20,3,Kentucky,So *,United States,2015,
460,45,Marcus Thornton,BOS,,G,6-4,190,22,1,William & Mary,Sr,United States,2015,
461,46,Norman Powell,MIL,MIL to TOR,SG,6-4,215,22,6,UCLA,Sr,United States,2015,
462,47,Arturas Gudaitis,PHL,"PHL to SAC
SAC to CLE",C,6-10,254,22,0,Zalgiris (Lithuania),1993 DOB,Lithuania,2015,
463,48,Dakari Johnson,OKC,,C,7-0,255,19,1,Kentucky,So *,United States,2015,
464,49,Aaron White,WAS,WAS to BRK,F,6-9,220,22,0,Iowa,Sr,United States,2015,
465,50,Marcus Eriksson,ATL,,GF,6-7,178,21,0,BAXI Manresa (Spain),1993 DOB,Sweden,2015,
466,51,Tyler Harvey,ORL,"ORL to MEM
MEM to CHA",G,6-4,185,21,0,Eastern Washington,Jr *,United States,2015,
467,52,Satnam Singh,DAL,DAL to MEM,C,7-2,290,19,0, ,1995 DOB *,India,2015,
468,53,Dom Pointer,CLE,,SF,6-5,200,23,1,St. John's,Sr,United States,2015,
469,54,Daniel Diez,UTH,UTH to POR,SF,6-8,216,22,0,Acunsa GBC (Spain),1993 DOB,Spain,2015,
470,55,Cady Lalanne,SAN,SAN to GOS,FC,6-9,242,23,0,Massachusetts,Sr,Haiti,2015,
471,56,Branden Dawson,NOP,NOP to LAC,F,6-6,230,22,1,Michigan State,Sr,United States,2015,
472,57,Nikola Radicevic,DEN,DEN to DET,PG,6-5,200,21,0,Coosur Real Betis (Spain),1994 DOB *,Serbia,2015,
473,58,J.P. Tokoto,PHL,,GF,6-6,200,21,0,North Carolina,Jr *,United States / Cameroon,2015,
474,59,Dimitrios Agravanis,ATL,"ATL to CLE
CLE to SAC",F,6-10,210,20,0,Olympiacos (Greece),1994 DOB *,Greece,2015,
475,60,Luka Mitrovic,PHL,PHL to SAC,PF,6-8,200,22,0,KK Crvena Zvezda (Serbia),1993 DOB,Serbia,2015,
476,31,Deyonta Davis,BOS,BOS to MEM,PF,6-9,237,19,3,Michigan State,Fr *,United States,2016,
477,32,Ivica Zubac,LAL,,C,7-1,240,19,5,KK Mega Bemax (Serbia),1997 DOB *,Bosnia and Herzegovina / Croatia,2016,
478,33,Cheick Diallo,LAC,LAC to NOP,PF,6-8,219,19,4,Kansas,Fr *,Mali,2016,
479,34,Tyler Ulis,PHX,,PG,5-10,149,20,3,Kentucky,So *,United States,2016,
480,35,Rade Zagorac,BOS,BOS to MEM,SF,6-9,205,20,0,KK Mega Bemax (Serbia),1995 DOB *,Serbia,2016,
481,36,Malcolm Brogdon,MIL,,SG,6-5,229,23,5,Virginia,Sr,United States,2016,
482,37,Chinanu Onuaku,HOU,,C,6-9,250,19,2,Louisville,So *,United States,2016,
483,38,Patrick McCaw,MIL,MIL to GOS,G,6-7,185,20,5,UNLV,So *,United States,2016,
484,39,David Michineau,NOP,NOP to LAC,PG,6-4,180,22,0,Chalon-Sur-Saone (France),1994 DOB,France,2016,
485,40,Diamond Stone,NOP,NOP to LAC,C,6-11,255,19,1,Maryland,Fr *,United States,2016,
486,41,Stephen Zimmerman,ORL,,C,6-11,240,19,1,UNLV,Fr *,United States,2016,
487,42,Isaiah Whitehead,UTH,UTH to BRK,SG,6-4,213,21,3,Seton Hall,So *,United States,2016,
488,43,Zhou Qi,HOU,,C,7-1,210,20,2,Xinjiang Guanghui (China),1996 DOB *,China,2016,
489,44,Isaia Cordinier,ATL,ATL to BRK,G,6-5,197,19,0,Denain ASC Voltaire (France),1996 DOB *,France,2016,
490,45,Demetrius Jackson,BOS,,G,6-1,200,21,3,Notre Dame,Jr *,United States,2016,
491,46,A.J. Hammons,DAL,,C,7-0,250,23,2,Purdue,Sr,United States,2016,
492,47,Jake Layman,ORL,ORL to POR,SF,6-8,209,22,5,Maryland,Sr,United States,2016,
493,48,Paul Zipser,CHI,,F,6-8,226,22,2,FC Bayern Munich U18 (Germany),1994 DOB,Germany,2016,
494,49,Michael Patrick Gbinije,DET,,SF,6-6,200,24,1,Syracuse,Sr,United States / Nigeria,2016,
495,50,Georges Niang,IND,,F,6-8,230,23,5,Iowa State,Sr,United States,2016,
496,51,Ben Bentil,BOS,,F,6-9,235,21,1,Providence,So *,Ghana / United States,2016,
497,52,Joel Bolomboy,UTH,,FC,6-9,235,22,2,Weber State,Sr,United States / Russia,2016,
498,53,Petr Cornelie,DEN,,C,6-11,220,20,0,Le Mans Sarthe Basket (France),1995 DOB *,France,2016,
499,54,Kay Felder,ATL,ATL to CLE,PG,5-9,176,21,2,Oakland,Jr *,United States,2016,
500,55,Marcus Paige,BRK,BRK to UTH,G,6-0,164,22,1,North Carolina,Sr,United States,2016,
501,56,Daniel Hamilton,DEN,DEN to OKC,SG,6-7,195,20,2,Connecticut,So *,United States,2016,
502,57,Zhelin Wang,MEM,,C,7-0,251,22,0,Fujian (China),1994 DOB,China,2016,
503,58,Abdel Nader,BOS,,SF,6-6,225,22,4,Iowa State,Sr,United States / Egypt,2016,
504,59,Isaiah Cousins,SAC,,G,6-4,191,22,0,Oklahoma,Sr,United States,2016,
505,60,Tyrone Wallace,UTH,,G,6-5,198,22,3,California,Sr,United States,2016,
506,31,Frank Jackson,CHA,CHA to NOP,SG,6-3,205,19,4,Duke,Fr *,United States,2017,
507,32,Davon Reed,PHX,,SF,6-5,206,22,2,Miami (FL),Sr,United States,2017,
508,33,Wesley Iwundu,ORL,,F,6-7,195,22,4,Kansas State,Sr,United States,2017,
509,34,Frank Mason,SAC,,G,5-11,190,23,4,Kansas,Sr,United States,2017,
510,35,Ivan Rabb,ORL,ORL to MEM,PF,6-10,220,20,3,California,So *,United States,2017,
511,36,Jonah Bolden,PHL,,SF,6-10,220,21,2,FMP Beograd (Serbia),1996 DOB,Australia,2017,
512,37,Semi Ojeleye,BOS,,SF,6-6,240,22,4,Southern Methodist,Jr *,United States,2017,
513,38,Jordan Bell,CHI,CHI to GOS,PF,6-8,224,22,4,Oregon,Jr *,United States,2017,
514,39,Jawun Evans,PHL,PHL to LAC,PG,6-0,190,20,2,Oklahoma State,So *,United States,2017,
515,40,Dwayne Bacon,NOP,NOP to CHA,SF,6-6,221,21,4,Florida State,So *,United States,2017,
516,41,Tyler Dorsey,ATL,,SG,6-5,183,21,2,Oregon,So *,United States / Greece,2017,
517,42,Thomas Bryant,UTH,UTH to LAL,C,6-10,248,19,4,Indiana,So *,United States,2017,
518,43,Isaiah Hartenstein,HOU,,PF,7-0,249,19,3,Zalgiris (Lithuania),1998 DOB *,United States / Germany,2017,
519,44,Damyean Dotson,NYK,,SG,6-5,205,23,4,Houston,Sr,United States,2017,
520,45,Dillon Brooks,HOU,HOU to MEM,F,6-6,220,21,4,Oregon,Jr *,Canada,2017,
521,46,Sterling Brown,PHL,PHL to MIL,G,6-5,219,22,4,Southern Methodist,Sr,United States,2017,
522,47,Ike Anigbogu,IND,,C,6-9,252,18,2,UCLA,Fr *,United States,2017,
523,48,Sindarius Thornwell,MIL,MIL to LAC,SG,6-4,215,22,3,South Carolina,Sr,United States,2017,
524,49,Vlatko Cancar,DEN,,SF,6-8,236,20,2,KK Mega Bemax (Serbia),1997 DOB *,Slovenia,2017,
525,50,Mathias Lessort,PHL,"PHL to LAC
LAC to MIN
MIN to NYK",F,6-9,250,21,0,JSF Nanterre (France),1995 DOB,France,2017,
526,51,Monte Morris,DEN,,G,6-2,183,21,4,Iowa State,Sr,United States / Nigeria,2017,
527,52,Edmond Sumner,NOP,NOP to IND,G,6-6,176,21,4,Xavier,So *,United States,2017,
528,53,Kadeem Allen,BOS,,G,6-3,200,24,3,Arizona,Sr,United States,2017,
529,54,Alec Peters,PHX,,F,6-9,225,22,1,Valparaiso,Sr,United States,2017,
530,55,Nigel Williams-Goss,UTH,,SG,6-3,190,22,1,Gonzaga,Jr *,United States,2017,
531,56,Jabari Bird,BOS,,SG,6-6,198,22,2,California,Sr,United States,2017,
532,57,Aleksandar Vezenkov,BRK,BRK to CLE,PF,6-9,225,21,0,FC Barcelona II (Spain),1995 DOB,Cyprus / Bulgaria,2017,
533,58,Ognjen Jaramaz,NYK,,SG,6-4,181,21,0,KK Mega Bemax (Serbia),1995 DOB,Serbia,2017,
534,59,Jaron Blossomgame,SAN,,F,6-8,220,23,1,Clemson,Sr,United States,2017,
535,60,Alpha Kaba,ATL,,PF,6-10,242,21,0,KK Mega Bemax (Serbia),1996 DOB *,France,2017,
536,31,Elie Okobo,PHX,,PG,6-3,190,20,2,Pau-Orthez (France),1997 DOB *,France,2018,
537,32,Jevon Carter,MEM,,PG,6-2,200,22,3,West Virginia,Sr,United States,2018,
538,33,Jalen Brunson,DAL,,PG,6-1,190,21,3,Villanova,Jr *,United States,2018,
539,34,Devonte' Graham,ATL,ATL to CHA,PG,6-2,185,23,3,Kansas,Sr,United States,2018,
540,35,"Melvin Frazier, Jr.",ORL,,SF,6-6,200,21,2,Tulane,Jr *,United States,2018,
541,36,Mitchell Robinson,NYK,,C,7-1,240,20,3, ,*,United States,2018,
542,37,"Gary Trent, Jr.",SAC,SAC to POR,SG,6-6,205,19,3,Duke,Fr *,United States,2018,
543,38,Khyri Thomas,PHL,PHL to DET,SG,6-3,210,22,3,Creighton,Jr *,United States,2018,
544,39,Isaac Bonga,PHL,PHL to LAL,SG,6-8,180,18,3,Fraport Skyliners (Germany),1999 DOB *,Germany,2018,
545,40,Rodions Kurucs,BRK,,SF,6-9,228,20,3,Barca (Spain),1998 DOB *,Latvia,2018,
546,41,Jarred Vanderbilt,ORL,ORL to DEN,PF,6-9,214,19,3,Kentucky,Fr *,United States,2018,
547,42,"Bruce Brown, Jr.",DET,,SG,6-4,202,21,3,Miami (FL),So *,United States,2018,
548,43,Justin Jackson,DEN,DEN to ORL,SF,6-7,225,21,0,Maryland,So *,Canada,2018,
549,44,Yusuf Sanon,WAS,"WAS to NYK
NYK to HOU",SG,6-4,185,18,0,Union Olimpija (Slovenia),1999 DOB *,Ukraine,2018,
550,45,Hamidou Diallo,BRK,"BRK to CHA
CHA to OKC",SG,6-5,202,19,3,Kentucky,Fr *,United States / Guinea,2018,
551,46,De'Anthony Melton,HOU,HOU to PHX,SG,6-3,200,20,3,USC,So *,United States,2018,
552,47,Svi Mykhailiuk,LAL,,SF,6-8,205,21,3,Kansas,Sr,Ukraine,2018,
553,48,Keita Bates-Diop,MIN,,SF,6-8,230,22,3,Ohio State,Jr *,United States,2018,
554,49,Chimezie Metu,SAN,,PF,6-10,225,21,3,USC,Jr *,United States / Nigeria,2018,
555,50,Alize Johnson,IND,,SF,6-7,212,22,3,Missouri State,Sr,United States,2018,
556,51,Tony Carr,NOP,,PG,6-5,200,20,0,Penn State,So *,United States,2018,
557,52,Vince Edwards,UTH,UTH to HOU,SF,6-8,225,22,1,Purdue,Sr,United States,2018,
558,53,Devon Hall,OKC,,SG,6-5,215,22,1,Virginia,Sr,United States,2018,
559,54,Shake Milton,DAL,DAL to PHL,SG,6-6,207,21,3,Southern Methodist,Jr *,United States,2018,
560,55,Arnoldas Kulboka,CHA,,SF,6-10,209,20,0,Orlandina Basket (Italy),1998 DOB *,Lithuania,2018,
561,56,Raymond Spalding,PHL,PHL to DAL,PF,6-10,215,21,3,Louisville,Jr *,United States,2018,
562,57,Kevin Hervey,OKC,,PF,6-9,230,21,1,Texas-Arlington,Sr,United States,2018,
563,58,Thomas Welsh,DEN,,C,7-0,255,22,1,UCLA,Sr,United States,2018,
564,59,George King,PHX,,SF,6-6,220,24,1,Colorado,Sr,United States,2018,
565,60,Kostas Antetokounmpo,PHL,PHL to DAL,PF,6-10,200,20,3,Dayton,Fr *,Greece / United States,2018,
566,31,Nicolas Claxton,BRK,,C,6-11,215,20,2,Georgia,So *,United States / U.S. Virgin Islands,2019,
567,32,KZ Okpala,PHX,PHX to MIA,SG,6-8,215,20,2,Stanford,So *,United States / Nigeria,2019,
568,33,Carsen Edwards,PHL,PHL to BOS,PG,5-11,200,21,2,Purdue,Jr *,United States,2019,
569,34,Bruno Fernando,PHL,PHL to ATL,C,6-9,240,20,2,Maryland,So *,Angola,2019,
570,35,Didi Louzada,ATL,ATL to NOP,SF,6-5,210,19,1,Franca (Brazil),1999 DOB *,Brazil,2019,
571,36,Cody Martin,CHA,,F,6-7,205,23,2,Nevada,Sr,United States,2019,
572,37,Deividas Sirvydis,DAL,DAL to DET,GF,6-8,190,19,1,Lietuvos Rytas U18 (Lithuania),2000 DOB *,Lithuania,2019,
573,38,Daniel Gafford,CHI,,C,6-11,233,20,2,Arkansas,So *,United States,2019,
574,39,Alen Smailagic,NOP,NOP to GOS,PF,6-10,215,18,2,Santa Cruz Warriors,2000 DOB,Serbia,2019,
575,40,Justin James,SAC,,SG,6-7,190,22,2,Wyoming,Sr,United States,2019,
576,41,Eric Paschall,GOS,,F,6-6,264,22,2,Villanova,Sr,United States,2019,
577,42,Admiral Schofield,PHL,PHL to WAS,SF,6-5,241,22,1,Tennessee,Sr,United States,2019,
578,43,Jaylen Nowell,MIN,,SG,6-4,202,19,2,Washington,So *,United States,2019,
579,44,Bol Bol,MIA,MIA to DEN,C,7-2,209,19,2,Oregon,Fr *,United States,2019,
580,45,Isaiah Roby,DET,DET to DAL,SF,6-8,230,21,2,Nebraska,Jr *,United States,2019,
581,46,Talen Horton-Tucker,ORL,ORL to LAL,SF,6-4,233,18,2,Iowa State,Fr *,United States,2019,
582,47,Ignas Brazdeikis,SAC,SAC to NYK,SF,6-6,221,20,2,Michigan,Fr *,Lithuania / Canada,2019,
583,48,Terance Mann,LAC,,SG,6-7,215,22,2,Florida State,Sr,United States,2019,
584,49,Quinndary Weatherspoon,SAN,,SG,6-3,205,22,2,Mississippi State,Sr,United States,2019,
585,50,Jarrell Brantley,IND,IND to UTH,SF,6-7,238,23,2,Charleston,Sr,United States,2019,
586,51,Tremont Waters,BOS,,PG,5-10,175,21,2,LSU,So *,United States,2019,
587,52,Jalen McDaniels,CHA,,PF,6-10,205,21,2,San Diego State,So *,United States,2019,
588,53,Justin Wright-Foreman,UTH,,SG,6-2,190,21,1,Hofstra,Sr,United States,2019,
589,54,Marial Shayok,PHL,,G,6-5,196,23,1,Iowa State,Sr,Canada,2019,
590,55,Kyle Guy,NYK,NYK to SAC,SG,6-1,170,21,2,Virginia,Jr *,United States,2019,
591,56,Jaylen Hands,LAC,"LAC to BRK
BRK to DET",G,6-3,180,20,0,UCLA,So *,United States,2019,
592,57,Jordan Bone,NOP,"NOP to ATL
ATL to PHL
PHL to DET",SG,6-3,185,21,2,Tennessee,Jr *,United States,2019,
593,58,Miye Oni,GOS,GOS to UTH,SF,6-5,206,21,2,Yale,Jr *,United States / Nigeria,2019,
594,59,Dewan Hernandez,TOR,,FC,6-10,235,22,1,Miami (FL),Jr *,United States,2019,
595,60,Vanja Marinkovic,SAC,,G,6-6,194,22,0,KK Partizan (Serbia),1997 DOB,Serbia,2019,
596,31,Tyrell Terry,DAL,,PG,6-2,170,20,1,Stanford,Fr *,United States,2020,
597,32,"Vernon Carey, Jr.",CHA,,PF,6-10,255,19,1,Duke,Fr *,United States,2020,
598,33,Daniel Oturu,MIN,MIN to LAC,FC,6-8,240,21,1,Minnesota,So *,United States,2020,
599,34,Theo Maledon,PHL,PHL to OKC,PG,6-5,180,19,1,ASVEL Basket (France),2001 DOB *,France,2020,
600,35,"Xavier Tillman, Sr.",SAC,SAC to MEM,PF,6-8,245,21,1,Michigan State,Jr *,United States,2020,
601,36,Tyler Bey,PHL,PHL to DAL,PF,6-7,215,22,1,Colorado,Jr *,United States,2020,
602,37,Vit Krejci,WAS,WAS to OKC,PG,6-8,195,20,0,Zaragoza U18 (Spain),2000 DOB *,Czech Republic,2020,
603,38,Saben Lee,UTH,UTH to DET,PG,6-2,183,21,1,Vanderbilt,Jr *,United States,2020,
604,39,Elijah Hughes,NOP,NOP to UTH,SF,6-6,226,22,1,Syracuse,Jr *,United States,2020,
605,40,Robert Woodard II,MEM,MEM to SAC,G,6-7,235,21,1,Mississippi State,So *,United States,2020,
606,41,Tre Jones,SAN,,PG,6-1,185,20,1,Duke,So *,United States,2020,
607,42,Nick Richards,NOP,NOP to CHA,C,6-11,245,22,1,Kentucky,Jr *,Jamaica,2020,
608,43,Jahmi'us Ramsey,SAC,,PG,6-3,195,19,1,Texas Tech,Fr *,United States,2020,
609,44,Marko Simonovic,CHI,,C,6-11,220,21,0,KK Mega Bemax (Serbia),1999 DOB *,Montenegro,2020,
610,45,Jordan Nwora,MIL,,F,6-8,226,22,1,Louisville,Jr *,United States / Nigeria,2020,
611,46,C.J. Elleby,POR,,SF,6-6,185,20,1,Washington State,So *,United States,2020,
612,47,Yam Madar,BOS,,G,6-3,180,19,0,Hapoel Tel Aviv (Israel),2000 DOB *,Israel,2020,
613,48,Nico Mannion,GOS,,PG,6-3,190,19,1,Arizona,Fr *,Italy / United States,2020,
614,49,Isaiah Joe,PHL,,SG,6-4,167,21,1,Arkansas,So *,United States,2020,
615,50,Skylar Mays,ATL,,PG,6-4,205,23,1,LSU,Sr,United States,2020,
616,51,Justinian Jessup,GOS,,SF,6-6,202,22,0,Boise State,Sr,United States,2020,
617,52,K.J. Martin,SAC,SAC to HOU,F,6-7,215,19,1,IMG Academy (Florida),2001 DOB *,United States,2020,
618,53,Cassius Winston,OKC,OKC to WAS,PG,6-1,185,22,1,Michigan State,Sr,United States,2020,
619,54,Cassius Stanley,IND,,G,6-6,193,21,1,Duke,Fr *,United States,2020,
620,55,Jayden Scrubb,BRK,BRK to LAC,SG,6-5,220,20,1,John A. Logan,So *,United States,2020,
621,56,Grant Riller,CHA,,SG,6-3,190,23,1,Charleston,Sr,United States,2020,
622,57,Reggie Perry,LAC,LAC to BRK,F,6-8,250,20,1,Mississippi State,So *,United States,2020,
623,58,"Paul Reed, Jr.",PHL,,F,6-8,218,21,1,DePaul,Jr *,United States,2020,
624,59,Jalen Harris,TOR,,SG,6-5,195,22,1,Nevada,Jr *,United States,2020,
625,60,Sam Merrill,NOP,NOP to MIL,G,6-5,205,24,1,Utah State,Sr,United States,2020,
